iter	Quantile:alpha=0.71
0	0.0134757094
1	0.01339389525
2	0.01331182065
3	0.01320871308
4	0.01313074938
5	0.01303955746
6	0.01303210826
7	0.0129280256
8	0.01286238498
9	0.01275399224
10	0.01272586154
11	0.01265403971
12	0.01263426797
13	0.01255964314
14	0.01246811036
15	0.01240846278
16	0.01236228571
17	0.01226571663
18	0.01221851693
19	0.01216349569
20	0.01207891002
21	0.01204334119
22	0.01196398843
23	0.01194997854
24	0.01188993379
25	0.01180772808
26	0.01176171035
27	0.01166259104
28	0.01159128266
29	0.011513593
30	0.0114476769
31	0.01138115226
32	0.01134029215
33	0.01130487429
34	0.01125018397
35	0.01119989499
36	0.01113192908
37	0.01106855942
38	0.01104121797
39	0.01098551076
40	0.01087960233
41	0.01083512657
42	0.01080285878
43	0.01074793534
44	0.01070833574
45	0.01067991433
46	0.01059410872
47	0.01057758268
48	0.01054726173
49	0.01049396502
50	0.01044244553
51	0.0103856775
52	0.01031711026
53	0.01028001315
54	0.01024158744
55	0.01017906343
56	0.01017388925
57	0.01012696841
58	0.01007490397
59	0.009997822646
60	0.009967117924
61	0.009928318066
62	0.009885481261
63	0.0098468483
64	0.009777459614
65	0.009722770153
66	0.009668706561
67	0.009584722684
68	0.009495816699
69	0.0094566442
70	0.009406770009
71	0.009366930275
72	0.00929260958
73	0.00924604901
74	0.009182902657
75	0.009156417005
76	0.009105820703
77	0.009038157029
78	0.008988973527
79	0.008967333055
80	0.008926198511
81	0.008900755941
82	0.00887238693
83	0.00879687179
84	0.008749007731
85	0.00869070664
86	0.008662247649
87	0.00861327643
88	0.008565165065
89	0.008533348448
90	0.008477249807
91	0.008433626775
92	0.008378117682
93	0.00830114328
94	0.008255181262
95	0.008209460998
96	0.008173617794
97	0.008157553193
98	0.00812427967
99	0.008063496984
100	0.008035392437
101	0.008009328466
102	0.007953893174
103	0.007887561085
104	0.007853011218
105	0.007805403445
106	0.007783574954
107	0.00773511849
108	0.007715143851
109	0.007658955389
110	0.007604247713
111	0.007574095473
112	0.007524926325
113	0.007489692592
114	0.007453938925
115	0.007440174342
116	0.007409435863
117	0.007390104271
118	0.00734613016
119	0.007315998556
120	0.007258468287
121	0.007222683542
122	0.00717793864
123	0.007132055938
124	0.007123486913
125	0.00710319783
126	0.007077487849
127	0.007024873634
128	0.006971392413
129	0.006956443864
130	0.006919348472
131	0.006878099599
132	0.006858266935
133	0.006818111845
134	0.006800555305
135	0.006730434052
136	0.006692032888
137	0.006656859059
138	0.006637228756
139	0.006612677665
140	0.006558872398
141	0.006546829601
142	0.006520050191
143	0.006498643413
144	0.006472757284
145	0.006443663061
146	0.006404467978
147	0.006369939742
148	0.006342825177
149	0.006312361877
150	0.006298472344
151	0.006289683871
152	0.006271909731
153	0.006254660796
154	0.006219232554
155	0.006183463314
156	0.006153912232
157	0.006133867399
158	0.006117739839
159	0.006105143231
160	0.006080849437
161	0.006056425909
162	0.006036164945
163	0.006007082804
164	0.005975509948
165	0.005950990405
166	0.005909859128
167	0.005901499437
168	0.005889875894
169	0.005870558359
170	0.005848418285
171	0.005809928709
172	0.005766440998
173	0.005730283938
174	0.005699611474
175	0.005653153318
176	0.005624197841
177	0.005604152478
178	0.005584240927
179	0.005563175094
180	0.005533107336
181	0.005509654193
182	0.005490951513
183	0.005469568849
184	0.00544346384
185	0.005421644306
186	0.005378805092
187	0.005354314926
188	0.005337101466
189	0.005318032536
190	0.00528620065
191	0.005258811621
192	0.005218008095
193	0.005191824765
194	0.005159210951
195	0.005127642837
196	0.00512117528
197	0.005083470996
198	0.005075609613
199	0.005050170127
200	0.005026759293
201	0.005008855169
202	0.004988946666
203	0.004971034591
204	0.004960796035
205	0.004941987628
206	0.004929080543
207	0.004911134876
208	0.004885892602
209	0.00487286577
210	0.004834607126
211	0.004810606771
212	0.004757553331
213	0.004714415404
214	0.004682540051
215	0.004672900428
216	0.004651582238
217	0.004626959675
218	0.004589489213
219	0.004566509707
220	0.004547984697
221	0.004535757299
222	0.004510215325
223	0.004502162661
224	0.004476923635
225	0.004458886388
226	0.00443790095
227	0.004421365207
228	0.004412131258
229	0.004381821989
230	0.004369675032
231	0.004354965851
232	0.004329738274
233	0.004315453654
234	0.004286632162
235	0.004245789373
236	0.004233554839
237	0.00419033947
238	0.004175538646
239	0.004156171608
240	0.004125694372
241	0.004115516131
242	0.004084445898
243	0.004069432431
244	0.004049676294
245	0.004024405367
246	0.004009776042
247	0.003996334846
248	0.003967313454
249	0.003952850803
250	0.00393693248
251	0.003918624052
252	0.003899623964
253	0.003869584132
254	0.003848101179
255	0.003811949591
256	0.003800644324
257	0.003767082165
258	0.003755291175
259	0.003745675781
260	0.003729590123
261	0.003707851018
262	0.003694299474
263	0.003679025617
264	0.003668366245
265	0.003661355226
266	0.003640480733
267	0.003626734534
268	0.00360006997
269	0.003575271742
270	0.003554368686
271	0.003544591763
272	0.003524971185
273	0.003514035016
274	0.00349547655
275	0.003480588556
276	0.00345607946
277	0.003431337376
278	0.003416502486
279	0.003402101193
280	0.003384218614
281	0.003354235839
282	0.003341920175
283	0.003309468845
284	0.003299373832
285	0.003278078474
286	0.00327438673
287	0.003253457589
288	0.00324083608
289	0.00322863097
290	0.003213593393
291	0.003205059813
292	0.003180341604
293	0.003164450954
294	0.003151346917
295	0.003142301016
296	0.003119966171
297	0.003115973627
298	0.003100174605
299	0.003088148167
300	0.003074426886
301	0.003058881541
302	0.003048813072
303	0.003032824066
304	0.003027906078
305	0.0030206731
306	0.003006797705
307	0.003002913316
308	0.002976378471
309	0.002966823358
310	0.002955821018
311	0.002943295858
312	0.002931638148
313	0.002897532027
314	0.002883443473
315	0.002865837338
316	0.002844769134
317	0.002828812082
318	0.002818112322
319	0.002798410711
320	0.002774615397
321	0.002753591346
322	0.002745981479
323	0.002731494735
324	0.002710248132
325	0.002700105144
326	0.00269147789
327	0.002684288846
328	0.002678374947
329	0.002675422543
330	0.002672066239
331	0.002657638503
332	0.002647684096
333	0.002617786664
334	0.002599781119
335	0.002595548867
336	0.00258288571
337	0.002578070705
338	0.00257341843
339	0.002568434869
340	0.002563313103
341	0.002560054853
342	0.002543760271
343	0.002525458052
344	0.002515733936
345	0.002509677311
346	0.002506000367
347	0.002483435298
348	0.002479175912
349	0.002476617631
350	0.002470351783
351	0.002463131797
352	0.002447623351
353	0.00243510165
354	0.00243139727
355	0.00242016175
356	0.002412227849
357	0.00240181886
358	0.002390340844
359	0.002373916318
360	0.002364398574
361	0.002357024864
362	0.002350968394
363	0.002340911709
364	0.002338232728
365	0.002325599192
366	0.002309339278
367	0.002295843127
368	0.002291088057
369	0.002279656909
370	0.002271100077
371	0.002264795415
372	0.002254048928
373	0.002251710973
374	0.00224521998
375	0.002237406649
376	0.002223522805
377	0.002216712868
378	0.002209434716
379	0.002201764009
380	0.002193553275
381	0.00217793655
382	0.002175461638
383	0.002174553081
384	0.00216690621
385	0.002152843131
386	0.002141941427
387	0.002134868617
388	0.002119201507
389	0.002116359686
390	0.002112366702
391	0.002105012357
392	0.00209349605
393	0.002090245761
394	0.002082465225
395	0.002081505194
396	0.002076101271
397	0.002058457434
398	0.002053652092
399	0.002049763004
400	0.002045559134
401	0.002024932628
402	0.002018756581
403	0.002014291744
404	0.002012115621
405	0.002003582447
406	0.002000659556
407	0.001985543487
408	0.001981242606
409	0.001971477389
410	0.001969031808
411	0.001959716391
412	0.001956919209
413	0.00195517182
414	0.001951147037
415	0.001948930966
416	0.001943045636
417	0.001941469986
418	0.001937863076
419	0.001936637869
420	0.001929682222
421	0.00192389296
422	0.001915545267
423	0.001911862435
424	0.001906438547
425	0.001904277819
426	0.001902223334
427	0.001895101698
428	0.00189259234
429	0.001888363849
430	0.001883215693
431	0.0018781263
432	0.001877809543
433	0.001870169487
434	0.001859080184
435	0.001853335072
436	0.001847692169
437	0.00184730031
438	0.001845164473
439	0.001839158488
440	0.001835182712
441	0.001829650913
442	0.001822486874
443	0.001815642004
444	0.00181367308
445	0.001806380794
446	0.001800637314
447	0.001798131578
448	0.001797280951
449	0.001790326248
450	0.001788442554
451	0.001784356871
452	0.00178131946
453	0.001776711969
454	0.001768904479
455	0.001766142304
456	0.001761737648
457	0.001756947117
458	0.001753028942
459	0.001749065857
460	0.001742902666
461	0.001739302008
462	0.001726627733
463	0.001719952116
464	0.00171030356
465	0.001708409146
466	0.001697593712
467	0.001692034993
468	0.001681672714
469	0.001674391868
470	0.001667270005
471	0.001664929826
472	0.001660326767
473	0.001655837291
474	0.001649876915
475	0.001645666384
476	0.001640372373
477	0.001637396017
478	0.001631462933
479	0.001627700687
480	0.001625365415
481	0.001624468955
482	0.001624050348
483	0.001614717738
484	0.001611536866
485	0.001610546554
486	0.001604439239
487	0.001600109411
488	0.001598376986
489	0.001593012153
490	0.00158680471
491	0.001584876337
492	0.001581884962
493	0.00158041701
494	0.001576825295
495	0.001574872652
496	0.001571102955
497	0.001566692286
498	0.001563991403
499	0.001561530102
