Date,employees_count
2024-01-02,273
2024-01-03,301
2024-01-04,273
2024-01-07,318
2024-01-08,333
2024-01-09,313
2024-01-10,321
2024-01-11,327
2024-01-14,330
2024-01-15,337
2024-01-16,317
2024-01-17,321
2024-01-18,323
2024-01-21,335
2024-01-22,325
2024-01-23,312
2024-01-24,321
2024-01-25,313
2024-01-28,308
2024-01-29,312
2024-01-30,298
2024-01-31,310
2024-02-01,312
2024-02-04,333
2024-02-05,339
2024-02-06,328
2024-02-07,327
2024-02-08,312
2024-02-11,338
2024-02-12,341
2024-02-13,328
2024-02-14,336
2024-02-15,328
2024-02-18,337
2024-02-19,337
2024-02-20,317
2024-02-21,322
2024-02-22,319
2024-02-25,329
2024-02-26,339
2024-02-27,325
2024-02-28,263
2024-03-03,240
2024-03-04,348
2024-03-05,330
2024-03-06,327
2024-03-07,320
2024-03-10,351
2024-04-14,328
2024-04-15,338
2024-04-16,314
2024-04-17,337
2024-04-18,323
2024-04-21,357
2024-04-22,343
2024-04-23,315
2024-04-24,327
2024-04-25,315
2024-04-28,337
2024-04-29,341
2024-04-30,310
2024-05-02,261
2024-05-05,320
2024-05-06,325
2024-05-07,312
2024-05-08,315
2024-05-09,316
2024-05-12,337
2024-05-13,338
2024-05-14,306
2024-05-15,312
2024-05-16,312
2024-05-19,336
2024-05-20,341
2024-05-21,315
2024-05-22,323
2024-05-23,337
2024-05-26,343
2024-05-27,329
2024-05-28,313
2024-05-29,317
2024-05-30,331
2024-06-02,345
2024-06-03,354
2024-06-04,323
2024-06-05,344
2024-06-06,331
2024-06-09,372
2024-06-10,362
2024-06-11,349
2024-06-12,345
2024-06-13,340
2024-06-19,261
2024-06-20,266
2024-06-23,297
2024-06-24,297
2024-06-25,290
2024-06-26,287
2024-06-27,282
2024-06-30,321
2024-07-01,349
2024-07-02,336
2024-07-03,334
2024-07-04,324
2024-07-08,340
2024-07-09,333
2024-07-10,329
2024-07-11,332
2024-07-14,337
2024-07-15,345
2024-07-17,305
2024-07-18,306
2024-07-21,330
2024-07-22,339
2024-07-23,323
2024-07-24,302
2024-07-25,325
2024-07-28,312
2024-07-29,310
2024-07-30,290
2024-07-31,307
2024-08-01,304
2024-08-04,312
2024-08-05,309
2024-08-06,286
2024-08-07,293
2024-08-08,292
2024-08-11,299
2024-08-12,306
2024-08-13,283
2024-08-14,283
2024-08-15,278
2024-08-18,287
2024-08-19,303
2024-08-20,288
2024-08-21,276
2024-08-22,278
2024-08-25,292
2024-08-26,293
2024-08-27,262
2024-08-28,276
2024-08-29,279
2024-09-01,299
2024-09-02,309
2024-09-03,296
2024-09-04,306
2024-09-05,301
2024-09-08,333
2024-09-09,334
2024-09-10,312
2024-09-11,326
2024-09-12,329
2024-09-15,279
2024-09-17,329
2024-09-18,329
2024-09-19,314
2024-09-22,340
2024-09-23,342
2024-09-24,316
2024-09-25,329
2024-09-26,327
2024-09-29,340
2024-09-30,343
2024-10-01,308
2024-10-02,338
2024-10-03,347
2024-10-06,358
2024-10-07,379
2024-10-08,332
2024-10-09,342
2024-10-10,345
2024-10-13,364
2024-10-14,380
2024-10-15,330
2024-10-16,354
2024-10-17,359
2024-10-20,357
2024-10-21,359
2024-10-22,330
2024-10-23,347
2024-10-24,375
2024-10-27,353
2024-10-28,247
2024-10-29,175
2024-10-30,178
2024-10-31,188
2024-11-03,362
2024-11-04,351
2024-11-05,332
2024-11-06,344
2024-11-07,343
2024-11-10,353
2024-11-11,343
2024-11-12,325
2024-11-13,332
2024-11-14,350
2024-11-17,361
2024-11-18,342
2024-11-19,315
2024-11-20,327
2024-11-21,340
2024-11-24,364
2024-11-25,357
2024-11-26,320
2024-11-27,329
2024-11-28,343
2024-12-01,331
2024-12-02,347
2024-12-03,314
2024-12-04,339
2024-12-05,339
2024-12-08,346
2024-12-09,351
2024-12-10,325
2024-12-11,329
2024-12-12,342
2024-12-15,355
2024-12-16,360
2024-12-17,326
2024-12-18,339
2024-12-19,339
2024-12-22,303
2024-12-23,329
2024-12-24,298
2024-12-25,292
2024-12-26,286
2024-12-29,293
2024-12-30,287
2024-12-31,257
