Date,employees_count,office_present,office_departments,entrées,plat pricipal_1,plat principal_2,temperature,temperature ressentie,precipitation (mm),type precipitation,vitesse soulevement du vent (km/h),vitesse du vent(km/h),couverture nuageuse (%),conditions,year,month,day,dayofweek,weekofyear,is_weekend
2022-05-04,180,409,41,,,,18.2,18.2,0.6,rain,42.8,22.3,58.0,"Rain, Partially cloudy",2022,5,4,3,18,0
2022-05-05,222,379,35,Salade / Soupe,Escalope grillé,Pomme purée,16.6,16.6,20.8,rain,40.0,22.3,77.8,"Rain, Partially cloudy",2022,5,5,4,18,0
2022-05-08,244,503,46,Salade / Soupe,Escalope panné sauce piquante,Pomme écrasé,18.2,18.2,0.0,,23.8,14.8,8.5,Clear,2022,5,8,0,19,0
2022-05-09,234,522,46,Salade / Soupe,Spaghetti bolognaise,,18.6,18.6,0.0,,32.0,20.9,6.3,Clear,2022,5,9,1,19,0
2022-05-10,242,522,46,Salade + Soupe,Poulet rôti,Chekchouka,18.0,18.0,0.0,,33.8,19.1,0.0,Clear,2022,5,10,2,19,0
2022-05-11,230,526,48,Salés,Riz +Cuisse de poulet,,18.3,18.3,0.0,,37.4,18.7,1.0,Clear,2022,5,11,3,19,0
2022-05-12,295,519,47,Salade + Soupe,Sandwich + Frite,,22.0,21.9,0.0,,28.8,13.3,0.0,Clear,2022,5,12,4,19,0
2022-05-15,280,547,50,Salade,Escalopes grillé sauce moutarde,Pomme lyonnaise,21.4,21.4,0.0,,24.8,19.4,30.2,Partially cloudy,2022,5,15,0,20,0
2022-05-16,250,523,47,Salade,Sauté de bouf,Pâtes,21.3,21.3,0.0,,24.1,18.4,54.0,Partially cloudy,2022,5,16,1,20,0
2022-05-17,270,535,48,Salés,Cuisse de poulet,Riz,20.9,20.9,0.0,,22.0,10.1,5.9,Clear,2022,5,17,2,20,0
2022-05-18,248,527,47,Salés,Riz +Cuisse de poulet,,21.6,21.6,0.0,,31.3,19.4,6.3,Clear,2022,5,18,3,20,0
2022-05-18,248,527,47,Soupe,Rechta au poulet,,21.6,21.6,0.0,,31.3,19.4,6.3,Clear,2022,5,18,3,20,0
2022-05-19,294,516,47,Salade + salé,Sandwich + Frite,,22.9,23.0,0.0,,36.0,20.2,0.0,Clear,2022,5,19,4,20,0
2022-05-19,294,516,47,Salés,Riz +Cuisse de poulet,,22.9,23.0,0.0,,36.0,20.2,0.0,Clear,2022,5,19,4,20,0
2022-05-22,260,545,52,Salade,Lasagne viande,,25.8,25.5,0.0,,29.5,14.4,1.9,Clear,2022,5,22,0,21,0
2022-05-22,260,545,52,Salés,Riz +Cuisse de poulet,,25.8,25.5,0.0,,29.5,14.4,1.9,Clear,2022,5,22,0,21,0
2022-05-23,290,547,51,Salade,Poulet farcie,Pomme de terre rissolée,24.0,24.0,0.0,,41.0,19.1,17.0,Clear,2022,5,23,1,21,0
2022-05-23,290,547,51,Salade ,Poulet farcie +Pomme de terre rissolée,,24.0,24.0,0.0,,41.0,19.1,17.0,Clear,2022,5,23,1,21,0
2022-05-24,287,519,46,Salés,Poisson panée sauce tartare + Riz Pilaf,,23.4,23.5,0.0,,25.6,11.5,18.2,Clear,2022,5,24,2,21,0
2022-05-24,287,519,46,Salés,Poisson panée sauce tartare,Riz pilaf,23.4,23.5,0.0,,25.6,11.5,18.2,Clear,2022,5,24,2,21,0
2022-05-25,275,540,48,Soupe,Kbab au poulet,,20.0,20.0,10.8,rain,47.9,24.8,60.3,"Rain, Partially cloudy",2022,5,25,3,21,0
2022-05-25,275,540,48,Soupe,Kbab au poulet,,20.0,20.0,10.8,rain,47.9,24.8,60.3,"Rain, Partially cloudy",2022,5,25,3,21,0
2022-05-26,321,519,48,Salade + salé,Sandwich + Frite,,18.0,18.0,21.9,rain,41.8,23.4,47.6,"Rain, Partially cloudy",2022,5,26,4,21,0
2022-05-26,321,519,48,Salade / salé ,Sandwich + Frite,,18.0,18.0,21.9,rain,41.8,23.4,47.6,"Rain, Partially cloudy",2022,5,26,4,21,0
2022-05-29,287,541,49,Salade,Poulet rôti +Chekchouka,,24.3,24.3,0.0,,25.2,14.0,35.4,Partially cloudy,2022,5,29,0,22,0
2022-05-30,297,557,48,Salade,Poulet rôti +Chekchouka,,24.0,24.0,0.0,,38.9,14.8,66.7,Partially cloudy,2022,5,30,1,22,0
2022-05-31,275,526,49,Salade,Poulet rôti +Chekchouka,,23.1,23.2,0.0,,28.8,16.6,24.8,Partially cloudy,2022,5,31,2,22,0
2022-06-01,244,525,48,Soupe,Tadjin jben,,22.7,22.7,0.0,,26.6,15.1,23.0,Partially cloudy,2022,6,1,3,22,0
2022-06-02,300,524,47,salade / salé ,Brochette  + Frite,,23.1,23.1,0.1,rain,32.8,21.2,64.2,"Rain, Partially cloudy",2022,6,2,4,22,0
2022-06-05,297,562,50,Salade,Escalope pané +Pomme espagnole,,24.0,24.0,0.0,,32.8,12.6,90.8,Overcast,2022,6,5,0,23,0
2022-06-06,276,559,51,Salade ,Hachée parmentier,,24.9,25.3,0.0,,32.4,14.8,42.3,Partially cloudy,2022,6,6,1,23,0
2022-06-07,295,543,50,Salés,Poulet grillé + Croquette de riz,,23.8,24.1,0.0,,24.8,13.7,13.3,Clear,2022,6,7,2,23,0
2022-06-08,255,538,50,Hrira ,Couscous au poulet,,24.9,24.8,0.0,,28.8,16.2,55.0,Partially cloudy,2022,6,8,3,23,0
2022-06-09,313,526,46,Salade + salé ,Sandwiche,,24.4,24.7,0.0,,39.2,19.1,44.8,Partially cloudy,2022,6,9,4,23,0
2022-06-12,316,556,52,Salade,Escalope grillé sauce moutard+ Riz à la cocotte,,24.2,24.1,0.0,,41.4,23.8,7.2,Clear,2022,6,12,0,24,0
2022-06-13,298,571,52,Salade,Spaghetti bolognaise,,26.0,25.5,0.0,,36.7,22.3,27.5,Partially cloudy,2022,6,13,1,24,0
2022-06-14,312,570,51,Salés,Blanquette de poulet+ Pomme au four,,28.2,28.1,0.0,,27.0,14.0,22.3,Partially cloudy,2022,6,14,2,24,0
2022-06-15,284,548,53,Soupe + Salade ,Rechta au poulet,,27.1,27.3,0.0,,28.1,19.4,29.5,Partially cloudy,2022,6,15,3,24,0
2022-06-16,329,514,49,Salade + salé ,"Sandwich tunisien viande hachéee + Frite",,27.3,27.4,0.0,,38.9,23.8,11.5,Clear,2022,6,16,4,24,0
2022-06-19,295,510,48,,,,26.2,27.0,0.0,,33.1,16.6,9.8,Clear,2022,6,19,0,25,0
2022-06-20,274,516,47,Salade ,Moussaka viande,,26.2,26.7,0.0,,33.5,18.7,85.2,Partially cloudy,2022,6,20,1,25,0
2022-06-21,304,500,49,Salés,Escalope pané sauce tartare +Riz libanais,,27.2,27.9,0.1,rain,45.7,23.8,77.2,"Rain, Partially cloudy",2022,6,21,2,25,0
2022-06-22,253,512,48,Soupe / Salade,Chtitha djaj,,25.1,25.3,0.0,,52.9,20.2,72.4,Partially cloudy,2022,6,22,3,25,0
2022-06-23,326,470,47,Salade + salé ,Tacos,,24.6,24.9,0.0,,31.0,19.1,76.5,Partially cloudy,2022,6,23,4,25,0
2022-06-26,302,503,48,Salade,Cuisse de poulet désossée tandoori+Pâte à l'italienne,,24.2,24.2,0.0,,31.7,14.8,20.2,Partially cloudy,2022,6,26,0,26,0
2022-06-27,263,514,48,Salade,Hachis parmentier,,24.4,24.4,0.0,,34.6,19.8,10.5,Clear,2022,6,27,1,26,0
2022-06-28,286,501,47,Salés,Escalope grillé +Pomme croquette sauce mexicaine,,24.6,25.0,0.0,,37.1,19.4,3.4,Clear,2022,6,28,2,26,0
2022-06-29,244,513,46,Soupe + Salade ,Tlitli au poulet,,24.8,25.4,0.0,,41.8,24.1,14.9,Clear,2022,6,29,3,26,0
2022-06-30,300,481,47,Soupe + Salade ,Sandwich + Frite,,24.7,24.9,0.0,,31.3,14.4,56.2,Partially cloudy,2022,6,30,4,26,0
2022-07-03,247,450,44,Salade,Blanc de poulet farcie + Pomme au four,,28.0,30.1,0.0,,39.2,22.3,78.7,Partially cloudy,2022,7,3,0,27,0
2022-07-03,247,450,44,Salade,Blanc de poulet farcie + Pomme au four,,28.0,30.1,0.0,,39.2,22.3,78.7,Partially cloudy,2022,7,3,0,27,0
2022-07-04,239,431,41,Salade,Roulé de viande +Riz,,27.3,29.1,0.0,,29.2,22.0,67.5,Partially cloudy,2022,7,4,1,27,0
2022-07-06,274,496,47,Salade,Cuisse de poulet rôti + Ratatouille,,28.0,29.9,0.0,,31.0,24.8,71.2,Partially cloudy,2022,7,6,3,27,0
2022-07-07,301,476,44,Salade + salé ,Escalope grillé sauce mexicaine + Frite,,26.6,28.0,0.1,rain,39.2,21.6,31.7,"Rain, Partially cloudy",2022,7,7,4,27,0
2022-07-11,307,470,47,Salade,Gratin de poulet,,26.1,26.3,0.0,,51.1,27.4,0.3,Clear,2022,7,11,1,28,0
2022-07-12,319,519,47,Salé ,Escalope pané sauce tartare,Pomme écrasée,27.1,28.3,0.0,,37.4,17.3,0.4,Clear,2022,7,12,2,28,0
2022-07-13,276,508,47,Salade ,Couscous,,26.6,27.6,0.1,rain,44.6,23.4,26.4,"Rain, Partially cloudy",2022,7,13,3,28,0
2022-07-14,318,478,47,Salade + salé ,Sandwich,,26.5,27.0,0.0,,47.9,24.8,3.8,Clear,2022,7,14,4,28,0
2022-07-17,284,505,48,Salade,Cuisse de poulet grillé,Pomme farcie,27.0,28.3,0.0,,37.4,21.6,1.5,Clear,2022,7,17,0,29,0
2022-07-18,260,511,48,Salade,Lasagne viande,,26.8,28.1,0.0,,35.3,19.1,8.8,Clear,2022,7,18,1,29,0
2022-07-19,297,500,44,Salé ,Chiken massala,Riz blanc,26.7,28.3,0.0,,31.7,15.8,19.4,Clear,2022,7,19,2,29,0
2022-07-20,264,499,48,Salade ,Tajine zitoune à la marocaine,,26.9,28.4,0.0,,34.6,19.8,11.0,Clear,2022,7,20,3,29,0
2022-07-21,303,454,47,Salade + salé ,Sandwich,,26.9,28.5,0.0,,37.4,22.7,2.8,Clear,2022,7,21,4,29,0
2022-07-24,295,492,50,Salade,Escalope pané sauce tartare,Pomme rissolé,28.1,30.2,0.0,,29.9,12.6,0.4,Clear,2022,7,24,0,30,0
2022-07-25,304,495,52,Salade,Sauté de bouf,Riz oriental,28.7,30.9,0.0,,29.5,13.7,0.7,Clear,2022,7,25,1,30,0
2022-07-26,303,493,49,Salé ,Poulet grillé,Pomme croquette sauce mexicaine,28.5,30.7,0.0,,36.4,16.2,9.8,Clear,2022,7,26,2,30,0
2022-07-27,253,483,49,Salade ,Tajine j'ben,,27.9,29.6,0.0,,34.6,18.4,5.5,Clear,2022,7,27,3,30,0
2022-07-28,288,471,51,Salade + salé ,Sandwich,,27.6,29.2,0.0,,28.8,13.3,0.3,Clear,2022,7,28,4,30,0
2022-07-31,284,485,51,Salade ,Pomme de terre écrasée / Escalope grillée,,28.7,30.1,0.0,,45.4,25.9,28.2,Partially cloudy,2022,7,31,0,31,0
2022-08-01,271,489,49,Salés,Tchektchouka + Poulet rôti,,27.7,29.1,0.0,,38.2,18.7,1.3,Clear,2022,8,1,1,31,0
2022-08-02,283,481,48,Salade de riz,Vol au vent sauce financière,,27.5,28.4,0.0,,39.6,22.0,0.3,Clear,2022,8,2,2,31,0
2022-08-03,243,465,48,Salade ,Rechta au poulet,,27.4,28.0,0.0,,45.4,23.4,0.0,Clear,2022,8,3,3,31,0
2022-08-04,292,453,47,Salade +Salé,Brochette de poulet +Frites,,27.1,28.7,0.0,,42.8,22.7,0.5,Clear,2022,8,4,4,31,0
2022-08-07,230,420,46,Salade,Pommes sautées+Escalope panée sauce tartare,,28.0,28.6,0.0,,42.5,23.0,0.0,Clear,2022,8,7,0,32,0
2022-08-09,250,460,47,Salé,Hachis parmentier,,28.9,29.6,0.0,,52.2,29.2,6.2,Clear,2022,8,9,2,32,0
2022-08-10,244,454,49,Salade ,Tlitli au poulet,,28.7,28.9,0.0,,48.6,27.0,21.2,Partially cloudy,2022,8,10,3,32,0
2022-08-11,295,424,46,salade / salé,Sandwich,,28.6,29.2,0.0,,48.6,27.0,5.4,Clear,2022,8,11,4,32,0
2022-08-14,269,422,48,Salade,Cuisse de poulet grillé +Pomme croquette sauce mexicaine,,32.4,33.6,0.0,,35.6,14.8,53.8,Partially cloudy,2022,8,14,0,33,0
2022-08-15,265,429,50,Salade,Emincé de bouf+Pâtes à l'italienne,,30.4,30.7,0.5,rain,58.0,22.7,60.1,"Rain, Partially cloudy",2022,8,15,1,33,0
2022-08-16,274,432,48,Salé,Poulet farci + Riz pilaf,,28.3,29.2,0.0,,39.6,26.3,80.3,Partially cloudy,2022,8,16,2,33,0
2022-08-17,221,426,49,Salade,Couscous au poulet,,27.8,27.9,0.0,,39.6,18.7,46.9,Partially cloudy,2022,8,17,3,33,0
2022-08-18,236,400,46,Salade/ salé ,Crêpe + Frite,,26.8,27.3,0.0,,38.5,22.7,8.7,Clear,2022,8,18,4,33,0
2022-08-21,246,436,48,Salade,Vol au vent sauce financière,,26.3,26.4,0.0,,26.3,12.2,1.8,Clear,2022,8,21,0,34,0
2022-08-22,259,454,49,Salade ,Poisson à la dersa + Riz Blanc,,27.2,27.6,0.0,,37.4,21.2,0.6,Clear,2022,8,22,1,34,0
2022-08-23,269,432,46,Salé,Blanquette de dinde + Pomme purée,,27.5,28.3,0.0,,49.0,24.8,0.0,Clear,2022,8,23,2,34,0
2022-08-24,236,440,51,Salade,Tadjin marocaine au poulet,,27.5,28.2,0.0,,42.1,20.9,0.0,Clear,2022,8,24,3,34,0
2022-08-25,255,398,46,Salade + salé ,Sandwich,,28.2,28.8,0.0,,41.0,22.7,32.8,Partially cloudy,2022,8,25,4,34,0
2022-08-28,269,461,48,Salade,Goujonnette de poulet / Sauce tartare + Gratin de pates,,28.0,29.8,0.0,,50.0,25.6,15.9,Clear,2022,8,28,0,35,0
2022-08-29,270,455,47,Salade ,Pomme écrasée +Poulet rôti,,28.9,30.9,0.0,,36.0,12.6,30.8,Partially cloudy,2022,8,29,1,35,0
2022-08-30,258,450,50,Salé,Boulettes de vainde en sauce + Riz Blanc,,30.1,32.5,0.0,,29.5,19.4,43.6,Partially cloudy,2022,8,30,2,35,0
2022-08-31,184,463,51,Salade,Tajine jelbana,,28.2,30.7,0.0,,37.1,19.8,66.6,Partially cloudy,2022,8,31,3,35,0
2022-09-01,204,425,48,Salade + salé |/,Gratin de poulet,,28.5,29.5,0.0,,30.6,12.6,37.1,Partially cloudy,2022,9,1,4,35,0
2022-09-04,271,481,52,Salade,Pommes croquette sauce mexicaine + Cuisse de poulet grillée,,27.6,29.3,0.0,,42.8,18.0,28.2,Partially cloudy,2022,9,4,0,36,0
2022-09-05,253,494,52,Salade ,Spaghetti bolognaise,,27.3,27.8,0.0,,34.2,21.2,49.0,Partially cloudy,2022,9,5,1,36,0
2022-09-06,274,485,51,Salé,Chicken masala+Riz maklouba,,27.9,28.3,0.4,rain,33.8,17.6,83.6,"Rain, Partially cloudy",2022,9,6,2,36,0
2022-09-07,241,483,52,,,,27.9,29.2,0.0,,35.6,14.4,79.5,Partially cloudy,2022,9,7,3,36,0
2022-09-08,280,466,50,,,,27.7,27.9,0.0,,32.8,16.6,35.1,Partially cloudy,2022,9,8,4,36,0
2022-09-11,297,510,51,Salade,Blanquette de dinde + Tagliatelle à la crème,,28.1,28.8,0.0,,34.6,21.2,17.4,Clear,2022,9,11,0,37,0
2022-09-12,272,523,53,Salade,Hachis parmentier,,30.4,30.3,0.3,rain,32.4,17.6,81.3,"Rain, Partially cloudy",2022,9,12,1,37,0
2022-09-13,300,517,51,Salé,Cuisse de poulet rôtie + Croquette de riz sauce mexicaine,,30.8,33.4,0.0,,31.3,14.8,64.3,Partially cloudy,2022,9,13,2,37,0
2022-09-14,280,517,50,Salade,Couscous au poulet,,28.1,30.5,1.2,rain,42.5,28.4,78.8,"Rain, Partially cloudy",2022,9,14,3,37,0
2022-09-15,297,483,50,Salade + salé ,Sandwich,,26.3,26.4,0.0,,37.8,22.0,73.7,Partially cloudy,2022,9,15,4,37,0
2022-09-18,324,547,51,Salade,Steak haché de dinde sauce fromage +Riz libanais,,25.5,25.9,0.0,,65.9,34.2,29.9,Partially cloudy,2022,9,18,0,38,0
2022-09-19,308,545,50,Salé,Cuisse de poulet +Pomme mousseline,,25.6,26.4,0.0,,41.0,19.8,13.1,Clear,2022,9,19,1,38,0
2022-09-20,299,548,53,Salade,Vol au vent sauce financière,,25.4,25.9,0.2,rain,40.0,20.9,50.6,"Rain, Partially cloudy",2022,9,20,2,38,0
2022-09-21,275,520,54,Salade,Doulma,,24.6,24.8,0.2,rain,43.2,17.6,55.2,"Rain, Partially cloudy",2022,9,21,3,38,0
2022-09-22,318,519,53,Salade + salé ,Brochette grillée Sauce BBQ + Frite,,23.0,23.0,2.0,rain,27.4,9.4,65.3,"Rain, Partially cloudy",2022,9,22,4,38,0
2022-09-25,322,558,52,Salade,Escalope pané sauce tartare +Pomme lyonnaise,,24.3,24.4,1.8,rain,27.0,22.0,86.1,"Rain, Partially cloudy",2022,9,25,0,39,0
2022-09-26,323,559,50,Salade ,Poulet basquaise + Riz,,23.3,23.3,2.7,rain,42.8,18.4,75.4,"Rain, Partially cloudy",2022,9,26,1,39,0
2022-09-27,252,520,49,Salé,Kefta à la marocaine,,22.4,22.4,2.5,rain,54.4,27.7,20.7,"Rain, Partially cloudy",2022,9,27,2,39,0
2022-09-28,271,516,48,Salade,Cuisse de poulet rôti +Pomme au four,,22.8,22.8,0.0,,54.4,29.9,14.8,Clear,2022,9,28,3,39,0
2022-09-29,298,526,50,Salade + salé ,Tacos,,22.6,22.6,0.0,,58.0,27.7,37.3,Partially cloudy,2022,9,29,4,39,0
2022-10-02,320,562,50,Salade,Steak haché sauce fromage +Riz pilaf,,22.3,22.4,0.0,,29.5,16.2,16.9,Clear,2022,10,2,0,40,0
2022-10-03,292,579,49,Salade ,Spaghetti bolognaise,,24.4,24.6,0.1,rain,28.1,19.1,85.3,"Rain, Partially cloudy",2022,10,3,1,40,0
2022-10-04,308,539,46,Salé,Pomme mousseline + Escalope à la crème,,22.8,22.8,0.1,rain,23.0,23.0,58.7,"Rain, Partially cloudy",2022,10,4,2,40,0
2022-10-05,311,585,49,Salade,Tlitli au poulet,,21.6,21.6,4.5,rain,37.1,12.6,61.4,"Rain, Partially cloudy",2022,10,5,3,40,0
2022-10-06,323,549,44,Salade + salé ,Goujonnette panée sauce tartare + Frite,,21.8,21.8,1.7,rain,33.1,10.4,63.1,"Rain, Partially cloudy",2022,10,6,4,40,0
2022-10-09,319,572,50,Soupe de lentille rouge,Gratin de poulet,,22.7,22.7,15.0,rain,24.5,11.9,66.8,"Rain, Partially cloudy",2022,10,9,0,41,0
2022-10-10,312,574,51,Salade ou soupe,Emincé de Veau + Pâtes à l'italienne,,22.9,22.9,0.1,rain,25.2,16.6,36.1,"Rain, Partially cloudy",2022,10,10,1,41,0
2022-10-11,315,540,48,Salé,Poulet grillé aux sauce mexicaine +Pommes croquette,,22.2,22.2,0.0,,28.4,18.7,72.5,Partially cloudy,2022,10,11,2,41,0
2022-10-12,310,570,52,Hrira,Rechta au poulet,,21.9,21.9,0.0,,29.2,16.2,60.1,Partially cloudy,2022,10,12,3,41,0
2022-10-13,351,547,52,Salade + salé |/,Sandwich,,21.8,21.8,0.0,,33.8,19.1,35.2,Partially cloudy,2022,10,13,4,41,0
2022-10-16,319,574,51,Salade,Escalope pané + Riz libanais,,23.9,24.0,0.0,,26.3,13.7,32.7,Partially cloudy,2022,10,16,0,42,0
2022-10-17,347,579,52,Salade ,Cuisse de poulet rôtie +Pomme lyonnaise,,25.5,25.8,0.0,,26.3,14.8,64.9,Partially cloudy,2022,10,17,1,42,0
2022-10-18,318,537,50,Salé,Chiche Taouk + Tagliatelles à la crème,,25.1,25.2,0.0,,19.1,13.7,10.0,Clear,2022,10,18,2,42,0
2022-10-19,286,541,50,Salade,Chtitha Djaj,,24.8,24.7,0.0,,22.3,10.1,5.3,Clear,2022,10,19,3,42,0
2022-10-20,318,530,52,Salade + salé ,Vol au vent sauce financière,,24.8,24.8,0.0,,26.6,21.2,44.6,Partially cloudy,2022,10,20,4,42,0
2022-10-23,339,574,51,Salade ou Soupe,Escalope grillée + Pomme lyonnaise,,27.7,26.9,0.0,,41.8,21.6,11.1,Clear,2022,10,23,0,43,0
2022-10-24,353,590,51,Salade ou Soupe,Goujonnette de poulet sauce tartare+Riz,,26.0,25.4,0.0,,32.4,22.3,37.5,Partially cloudy,2022,10,24,1,43,0
2022-10-25,328,557,51,Salé,Cuisse de poulet désossée tandoori +Pommes rissolée,,25.6,25.0,0.0,,26.3,15.1,67.1,Partially cloudy,2022,10,25,2,43,0
2022-10-26,320,573,53,Salade ou Soupe,Couscous au poulet,,24.6,24.1,0.0,,23.8,13.7,61.9,Partially cloudy,2022,10,26,3,43,0
2022-10-27,323,542,50,Salade + salé ,Sandwich,,23.6,23.3,0.0,,24.8,11.5,36.7,Partially cloudy,2022,10,27,4,43,0
2022-10-30,209,321,39,Salade/ Soupe,Escalope grillée +Pomme Purée,,20.6,20.6,0.0,,21.2,10.1,80.3,Partially cloudy,2022,10,30,0,44,0
2022-10-31,167,294,39,Salade ou Soupe,Lasagne viande,,21.1,21.1,0.0,,24.1,14.0,19.0,Clear,2022,10,31,1,44,0
2022-11-02,169,270,38,Salade ou Soupe,Rechta au poulet,,21.2,21.2,0.0,,23.8,7.9,19.9,Clear,2022,11,2,3,44,0
2022-11-03,186,281,39,Salade + salé ,Escalope pané sauce tartare +Frite,,20.9,20.9,0.0,,28.4,13.0,75.4,Partially cloudy,2022,11,3,4,44,0
2022-11-06,314,574,52,Salade ou Soupe,Cuisse de poulet grillée + Pomme croquette sauce mexicaine,,17.5,17.5,0.0,,22.0,9.0,2.5,Clear,2022,11,6,0,45,0
2022-11-07,340,578,52,Salade ou Soupe,Poulet farci +Riz maklouba,,18.6,18.6,0.0,,22.7,11.2,0.0,Clear,2022,11,7,1,45,0
2022-11-08,286,546,50,Salé,Hachis parmentier Viande,,19.9,19.9,0.0,,21.2,9.4,37.2,Partially cloudy,2022,11,8,2,45,0
2022-11-09,286,575,51,Salade ou Soupe,Tadjin jben,,20.0,20.0,0.0,,25.6,10.8,90.8,Overcast,2022,11,9,3,45,0
2022-11-10,333,557,50,Salade + salé,Sandwich,,19.9,19.9,1.6,rain,25.6,12.6,85.5,"Rain, Partially cloudy",2022,11,10,4,45,0
2022-11-13,307,553,47,Salade ou Soupe,Steak haché gratiné+Pâtes à la crème,,19.3,19.3,0.0,,29.9,14.0,2.1,Clear,2022,11,13,0,46,0
2022-11-14,301,560,48,Salade ou Soupe,Poulet roti + Pomme mousseline,,18.9,18.9,0.0,,29.9,15.5,13.5,Clear,2022,11,14,1,46,0
2022-11-15,289,537,46,Salé /Salade de Riz,Vol au vent sauce financière,,19.7,19.7,0.0,,37.1,19.8,35.9,Partially cloudy,2022,11,15,2,46,0
2022-11-16,238,552,48,Salade ou Soupe,Tajine Besbas,,20.5,20.5,4.0,rain,60.5,29.9,74.9,"Rain, Partially cloudy",2022,11,16,3,46,0
2022-11-17,307,508,48,Salade / salé,Escalope grillé + Frite,,21.2,21.2,0.8,rain,60.1,27.4,37.4,"Rain, Partially cloudy",2022,11,17,4,46,0
2022-11-20,328,583,49,Salade ou Soupe,Blanc de poulet Cordon bleu sauce mexicaine + Riz Paella,,15.0,15.0,11.0,rain,44.3,23.4,55.0,"Rain, Partially cloudy",2022,11,20,0,47,0
2022-11-21,321,560,51,Salade ou Soupe,Émincé de bouf + Pomme Purée,,18.2,18.2,0.1,rain,74.5,37.8,47.0,"Rain, Partially cloudy",2022,11,21,1,47,0
2022-11-22,273,521,47,Salé,Poulet Basquaise + Ratatouille,,17.7,17.7,1.3,rain,94.7,48.6,55.1,"Rain, Partially cloudy",2022,11,22,2,47,0
2022-11-23,285,539,51,Salade ou Soupe,Tlitli au Poulet,,19.1,19.1,0.0,,59.8,33.1,22.5,Partially cloudy,2022,11,23,3,47,0
2022-11-24,320,525,51,Salade + salé ,Sandwich,,19.1,19.1,0.0,,36.0,20.5,33.5,Partially cloudy,2022,11,24,4,47,0
2022-11-27,305,565,50,,,,14.4,14.4,0.0,,17.3,9.4,51.1,Partially cloudy,2022,11,27,0,48,0
2022-11-28,277,553,49,,,,14.5,14.5,2.5,rain,68.8,34.6,36.7,"Rain, Partially cloudy",2022,11,28,1,48,0
2022-11-29,310,560,47,,,,15.5,15.5,1.3,rain,40.3,23.0,33.9,"Rain, Partially cloudy",2022,11,29,2,48,0
2022-11-30,248,558,50,,,,14.2,14.2,1.5,rain,26.6,14.8,39.0,"Rain, Partially cloudy",2022,11,30,3,48,0
2022-12-01,276,539,51,Salade + salé ,Sandwich,,14.5,14.5,0.0,,24.8,12.2,87.3,Partially cloudy,2022,12,1,4,48,0
2022-12-04,286,577,49,Salade/ Soupe,Pomme mousseline+Poulet Roti,,15.3,15.3,0.0,,24.5,13.3,12.7,Clear,2022,12,4,0,49,0
2022-12-05,254,577,51,Salade/ Soupe,Gratin de poulet,,18.4,18.4,0.0,,36.7,17.6,72.4,Partially cloudy,2022,12,5,1,49,0
2022-12-06,302,537,50,Salade/ Soupe,Escalope pané +Riz oriental,,18.5,18.5,2.6,rain,33.1,18.7,68.3,"Rain, Partially cloudy",2022,12,6,2,49,0
2022-12-07,256,567,52,Salade + Soupe|/,Tacos,,16.3,16.3,0.7,rain,34.2,19.8,62.5,"Rain, Partially cloudy",2022,12,7,3,49,0
2022-12-08,296,562,51,,,,16.8,16.8,0.3,rain,24.5,13.7,78.3,"Rain, Partially cloudy",2022,12,8,4,49,0
2022-12-11,284,591,53,Salade + Soupe,Cuisse de poulet grillé + Pommes croquette,,17.1,17.1,2.9,rain,55.4,33.1,65.5,"Rain, Partially cloudy",2022,12,11,0,50,0
2022-12-12,300,617,54,Salade + Soupe,Sauté de Veau + Riz Chairia,,19.8,19.8,1.2,rain,55.4,33.1,53.8,"Rain, Partially cloudy",2022,12,12,1,50,0
2022-12-13,286,592,54,Salé,Escalope grillé + Gratin dauphinois,,21.5,21.5,0.0,,57.6,34.9,68.6,Partially cloudy,2022,12,13,2,50,0
2022-12-14,290,612,49,Salade ou Soupe,Rechta au poulet,,21.4,21.4,0.1,rain,57.6,33.1,58.7,"Rain, Partially cloudy",2022,12,14,3,50,0
2022-12-15,302,570,50,Salade + salé |/,Sandwich,,18.7,18.7,6.4,rain,47.9,23.0,71.8,"Rain, Partially cloudy",2022,12,15,4,50,0
2022-12-18,283,564,51,Salade ou Soupe,Poulet roti + Pomme Purée,,15.1,15.1,0.0,,21.6,9.4,24.1,Partially cloudy,2022,12,18,0,51,0
2022-12-19,290,601,49,Salade ou Soupe,Escalope grillé + Riz Paella,,15.9,15.9,0.0,,21.2,11.9,2.9,Clear,2022,12,19,1,51,0
2022-12-20,229,573,45,Salé,Spaghetti bolognaise,,16.0,16.0,0.0,,24.8,14.0,1.3,Clear,2022,12,20,2,51,0
2022-12-21,238,592,50,Salade ou Soupe,Tlitli au poulet,,16.3,16.3,0.1,rain,46.4,24.1,22.8,"Rain, Partially cloudy",2022,12,21,3,51,0
2022-12-22,238,554,47,Salade + salé ,Gratin de poulet,,16.4,16.4,0.0,,38.9,18.7,29.4,Partially cloudy,2022,12,22,4,51,0
2022-12-25,268,543,49,Salade ou Soupe,Tagliatelles à la crème + Blanquette de dinde,,17.1,17.1,0.0,,22.3,11.9,0.0,Clear,2022,12,25,0,52,0
2022-12-26,283,562,50,Salade ou Soupe,Pomme croquette sauce mexicaine + Cuisse de poulet grillé,,17.6,17.6,0.0,,24.8,13.7,25.7,Partially cloudy,2022,12,26,1,52,0
2022-12-27,218,522,49,Salé,Boulette Viande en Sauce Rouge +Riz créole,,15.4,15.4,0.0,,14.8,10.1,25.2,Partially cloudy,2022,12,27,2,52,0
2022-12-28,199,519,53,Salade ou Soupe,Couscous au poulet,,15.2,15.2,0.0,,17.6,9.0,5.8,Clear,2022,12,28,3,52,0
2022-12-29,241,479,49,Salade + salé |/,Sandwich,,14.8,14.8,0.0,,33.1,16.2,27.6,Partially cloudy,2022,12,29,4,52,0
2023-01-02,205,491,51,Salade ou Soupe,Lasagne viande,,15.4,15.4,0.0,,25.9,14.0,88.6,Partially cloudy,2023,1,2,1,1,0
2023-01-03,239,490,47,Salé,Steak Haché de Dinde + Riz aux petits légumes,,14.1,14.1,0.0,,18.7,8.3,39.9,Partially cloudy,2023,1,3,2,1,0
2023-01-04,196,509,52,Salade ou Soupe,Tadjin zitoun,,13.6,13.6,0.6,rain,24.5,11.2,53.6,"Rain, Partially cloudy",2023,1,4,3,1,0
2023-01-05,247,485,50,Salade + salé ,Escalope grillé + Pomme Lyonnaise,,13.3,13.3,0.6,rain,22.7,10.1,29.4,"Rain, Partially cloudy",2023,1,5,4,1,0
2023-01-08,276,568,51,Salade ou Soupe,Escalope panée + Riz Chairia,,16.0,16.0,0.0,,44.3,26.3,31.3,Partially cloudy,2023,1,8,0,2,0
2023-01-09,288,587,52,Salade ou Soupe,Poulet grillée,Pâte à la Florentine,18.8,18.8,2.2,rain,61.6,32.4,53.6,"Rain, Partially cloudy",2023,1,9,1,2,0
2023-01-10,269,555,47,Salé,Blanquette de poulet + Pomme mousseline,,16.2,16.2,1.9,rain,26.6,12.2,28.4,"Rain, Partially cloudy",2023,1,10,2,2,0
2023-01-11,298,546,49,Chorba avec bourek,Chekhchoukha à la viande,,15.4,15.4,0.0,,25.2,13.3,16.7,Clear,2023,1,11,3,2,0
2023-01-15,273,569,49,Salade ou Soupe,Escalope grillée + Spaghetti napolitaine,,14.5,14.5,0.0,,40.3,20.5,2.2,Clear,2023,1,15,0,3,0
2023-01-16,292,589,46,Salade ou Soupe,Poulet à la Mexicaine,Pomme Coucha,15.9,15.9,0.7,rain,67.3,35.3,39.6,"Rain, Partially cloudy",2023,1,16,1,3,0
2023-01-16,292,589,46,Salade ou Soupe,Poulet à la Mexicaine + Pomme Coucha,/,15.9,15.9,0.7,rain,67.3,35.3,39.6,"Rain, Partially cloudy",2023,1,16,1,3,0
2023-01-17,269,561,47,Salé,Boulette en Sauce + Riz,,16.9,16.9,0.9,rain,93.2,45.7,25.1,"Rain, Partially cloudy",2023,1,17,2,3,0
2023-01-18,301,573,49,Salade ou Soupe,Kbab au poulet,,12.9,12.9,14.0,rain,78.8,40.7,63.0,"Rain, Partially cloudy",2023,1,18,3,3,0
2023-01-19,307,551,46,Salade + salé,Escalope Haché gratinée + Frite,,11.7,11.5,2.8,rain,57.6,31.7,56.1,"Rain, Partially cloudy",2023,1,19,4,3,0
2023-01-22,301,568,48,Salade ou Soupe,Tagliatelles à la Florentine + Blanquette de dinde,,8.0,6.8,6.8,rain,33.5,14.0,52.9,"Rain, Partially cloudy",2023,1,22,0,4,0
2023-01-23,286,571,47,Salade ou Soupe,Poulet grillée + Pomme Purée,,7.6,7.1,4.5,rain,24.8,8.6,70.5,"Rain, Partially cloudy",2023,1,23,1,4,0
2023-01-24,298,544,46,Salé,Poulet farci + Riz orientale,,8.2,7.9,4.6,rain,26.3,10.1,88.8,"Rain, Partially cloudy",2023,1,24,2,4,0
2023-01-25,268,553,49,Salade ou Soupe,Rechta au poulet,,9.2,8.1,12.3,rain,40.3,16.9,92.7,"Rain, Overcast",2023,1,25,3,4,0
2023-01-26,326,557,47,Salade + salé ,Sandwich,,9.8,8.8,11.5,rain,38.5,20.2,71.8,"Rain, Partially cloudy",2023,1,26,4,4,0
2023-01-29,281,577,48,Salade ou Soupe,Goujonnette de poulet sauce tartare + Riz libanais,,8.8,8.4,6.1,rain,25.2,9.0,92.2,"Rain, Overcast",2023,1,29,0,5,0
2023-01-30,307,597,47,Salade ou Soupe,Escalope à la Crème + Tourte aux Pomme de Terre,,10.2,9.8,1.1,rain,20.2,9.4,48.7,"Rain, Partially cloudy",2023,1,30,1,5,0
2023-01-31,242,562,42,Salé,Moussaka Viande,,10.7,10.1,0.0,,21.6,11.2,28.1,Partially cloudy,2023,1,31,2,5,0
2023-02-01,252,579,47,Salade ou Soupe,Tlitli au Poulet,,10.7,10.6,0.0,,24.8,12.6,8.4,Clear,2023,2,1,3,5,0
2023-02-02,241,549,44,Salade + salé,Vol au vent sauce financière,,11.4,10.9,0.0,,36.7,18.0,31.5,Partially cloudy,2023,2,2,4,5,0
2023-02-05,282,589,48,Salade ou Soupe,Escalope grillée sauce moutard + Pomme Lyonnaise,,12.8,12.8,0.6,rain,28.8,14.8,41.3,"Rain, Partially cloudy",2023,2,5,0,6,0
2023-02-06,298,598,48,Salade ou Soupe,Poulet Farci + Tagliatelles à la crème,,12.2,12.2,3.2,rain,37.4,21.6,63.3,"Rain, Partially cloudy",2023,2,6,1,6,0
2023-02-07,256,583,45,Salé,Steak hachée en sauce + Riz Créole,,12.6,12.6,0.8,rain,32.0,18.7,55.9,"Rain, Partially cloudy",2023,2,7,2,6,0
2023-02-08,325,610,48,Salade ou Soupe,Kbab,,12.2,12.2,3.1,rain,34.2,12.6,60.6,"Rain, Partially cloudy",2023,2,8,3,6,0
2023-02-09,307,546,45,Salade + salé |/,Tacos,,10.9,10.5,6.2,rain,32.8,19.1,60.6,"Rain, Partially cloudy",2023,2,9,4,6,0
2023-02-12,279,571,47,Salade ou Soupe,Escalope grillée + Batata Fliou,,11.8,11.3,0.0,,34.2,18.7,41.8,Partially cloudy,2023,2,12,0,7,0
2023-02-13,301,594,46,Salade ou Soupe,Poulet Basquaise + Riz Mexicaine,,12.0,11.4,0.0,,34.9,19.1,4.1,Clear,2023,2,13,1,7,0
2023-02-14,248,551,46,Salé,Hachée parmentier,,12.8,12.4,0.0,,29.2,16.9,30.7,Partially cloudy,2023,2,14,2,7,0
2023-02-15,272,573,51,Salade ou Soupe,Chekhchoukha au Poulet,,13.7,13.6,0.1,rain,26.3,13.0,79.6,"Rain, Partially cloudy",2023,2,15,3,7,0
2023-02-16,284,546,48,Salade + salé |/,Goujonnette panée sauce Mexicaine + Frite,,14.3,14.1,0.0,,27.0,15.5,38.4,Partially cloudy,2023,2,16,4,7,0
2023-02-19,280,610,49,Salade ou Soupe,Blanquette de dinde + Gratin du Pâte,,15.0,15.0,0.0,,22.0,11.2,27.3,Partially cloudy,2023,2,19,0,8,0
2023-02-20,310,616,49,Salade ou Soupe,Poulet grillée  + Pomme Purée,,15.6,15.6,0.0,,26.6,14.8,7.5,Clear,2023,2,20,1,8,0
2023-02-21,269,584,50,Salé,Dinde hachée gratinée + Riz maklouba,,16.5,16.5,0.0,,21.6,11.9,19.4,Clear,2023,2,21,2,8,0
2023-02-22,309,601,48,Salade ou Soupe,Rechta au poulet,,14.9,14.9,0.1,rain,21.2,10.4,23.3,"Rain, Partially cloudy",2023,2,22,3,8,0
2023-02-23,304,552,47,Salade + salé,Escalope panée + Frite,,15.2,15.2,0.0,,25.6,13.3,46.0,Partially cloudy,2023,2,23,4,8,0
2023-02-26,286,575,47,Salade ou Soupe,Poulet farci,Tagliatelles à la florentine,11.1,11.1,0.8,rain,58.3,28.4,48.0,"Rain, Partially cloudy",2023,2,26,0,9,0
2023-02-27,287,589,49,Salade ou Soupe,Escalopes grillée,Pomme au curry,10.1,9.0,2.9,rain,71.6,35.6,61.7,"Rain, Partially cloudy",2023,2,27,1,9,0
2023-02-28,248,545,46,Salé,Cuisse de poulet désossée tandoori,Chekchouka,8.9,6.4,4.7,rain,64.1,32.8,59.2,"Rain, Partially cloudy",2023,2,28,2,9,0
2023-03-01,268,553,46,Salade ou Soupe,Couscous au poulet,,10.4,9.8,9.0,rain,33.8,16.9,56.0,"Rain, Partially cloudy",2023,3,1,4,9,0
2023-03-02,328,557,47,Salade + salé ,Sandwich,,10.2,9.0,13.0,rain,71.3,39.2,58.1,"Rain, Partially cloudy",2023,3,2,5,9,1
2023-03-05,276,597,49,Salade ou Soupe,Blanquette de dinde + Pâtes à l'italienne,,12.0,11.9,0.1,rain,24.1,11.2,48.5,"Rain, Partially cloudy",2023,3,5,1,10,0
2023-03-06,280,616,52,Salade ou Soupe,Poulet grillée + Pomme mousseline,,14.6,14.6,1.2,rain,56.9,30.2,38.2,"Rain, Partially cloudy",2023,3,6,2,10,0
2023-03-07,288,562,46,Salé,Escalope panée sauce tartare + Riz paella,,15.7,15.7,0.6,rain,48.2,24.1,54.2,"Rain, Partially cloudy",2023,3,7,3,10,0
2023-03-08,223,584,48,Salade ou Soupe,Tlitli au poulet,,17.8,17.8,0.0,,38.9,20.2,18.1,Clear,2023,3,8,4,10,0
2023-03-09,227,565,49,Salade + salé ,Lasagne viande,,18.2,18.2,0.0,,46.8,25.6,54.2,Partially cloudy,2023,3,9,5,10,1
2023-03-12,318,587,51,Salade ou Soupe,Cuisse de poulet grillée + Pomme sautée + Légume,,18.4,18.4,0.0,,32.0,19.1,26.3,Partially cloudy,2023,3,12,1,11,0
2023-03-13,306,606,51,Salade ou Soupe,Blanquette de dinde + Riz maklouba,,19.0,19.0,0.0,,22.0,18.0,34.1,Partially cloudy,2023,3,13,2,11,0
2023-03-14,219,558,51,Salé,Hachée Parmentier,,17.6,17.6,0.0,,43.6,23.0,21.7,Partially cloudy,2023,3,14,3,11,0
2023-03-15,301,576,48,Salade ou Soupe,Rechta au poulet,,14.8,14.8,0.0,,21.2,10.4,2.2,Clear,2023,3,15,4,11,0
2023-03-16,288,551,48,Salade + salé ,Goujonnette Sauce tartare + Gratin de Pomme,,16.1,16.1,0.0,,38.5,20.9,2.5,Clear,2023,3,16,5,11,1
2023-03-19,300,589,48,Salade ou Soupe,Escalope grillée + Pomme mousseline,,15.3,15.3,2.6,rain,24.5,10.4,84.9,"Rain, Partially cloudy",2023,3,19,1,12,0
2023-03-20,266,617,48,Salade ou Soupe,Gratin de pate a la viande hachée,,14.7,14.7,0.5,rain,33.1,16.6,43.3,"Rain, Partially cloudy",2023,3,20,2,12,0
2023-03-21,288,590,48,Salé,Galantine farci + Riz + épinards à la crème,,14.2,14.1,0.0,,30.2,14.0,79.2,Partially cloudy,2023,3,21,3,12,0
2023-03-22,257,585,49,Salade ou Soupe,Kbab au poulet,,14.4,14.2,0.0,,23.0,10.1,11.2,Clear,2023,3,22,4,12,0
2023-03-23,1,526,47,Salade + salé,Poulet basquaise,Pomme sautée,16.3,16.3,0.0,,23.4,12.2,0.4,Clear,2023,3,23,5,12,1
2023-04-23,294,505,48,Salade ou Soupe,Escalope grillé sauce moutard,Gratin de pates,19.4,19.4,0.0,,23.8,10.4,6.1,Clear,2023,4,23,1,17,0
2023-04-24,296,573,48,,,,19.4,19.4,0.0,,31.0,14.8,11.6,Clear,2023,4,24,2,17,0
2023-04-25,278,563,48,Salé|/,Blanquette de dinde + Riz paella,,20.7,20.6,0.0,,23.8,9.7,42.4,Partially cloudy,2023,4,25,3,17,0
2023-04-26,267,579,47,Salade ou Soupe|/,Couscous au poulet,,21.5,21.4,0.0,,29.5,14.0,3.6,Clear,2023,4,26,4,17,0
2023-04-27,262,549,47,Salade + salé |/,Escalope panée sauce tartare +Tourte au Pomme,,22.0,22.0,0.0,,33.5,18.0,17.0,Clear,2023,4,27,5,17,1
2023-04-30,232,457,44,Salade ou Soupe|/,Cuisse de poulet grillée + Pomme croquette sauce mexicaine,,21.2,21.2,0.0,,36.4,18.7,49.3,Partially cloudy,2023,4,30,1,18,0
2023-05-02,298,545,47,Salade ou Soupe|/,Goujonnette panée sauce tartare + Riz Chairia,,19.4,19.4,0.0,,30.6,15.5,13.3,Clear,2023,5,2,3,18,0
2023-05-03,311,560,46,Salade ou Soupe,Rechta au poulet,,19.5,19.5,0.0,,46.4,24.8,78.6,Partially cloudy,2023,5,3,4,18,0
2023-05-04,281,544,47,Salade ou Soupe|/,Vol au vent sauce financière,,20.3,20.3,0.0,,27.4,12.2,59.7,Partially cloudy,2023,5,4,5,18,1
2023-05-07,321,584,50,Salade ou Soupe|/,Escalopes grillé sauce moutarde + Chekchouka,,19.3,19.3,0.8,rain,45.0,20.2,67.8,"Rain, Partially cloudy",2023,5,7,1,19,0
2023-05-08,322,602,51,Salade ou Soupe|/,Steak haché de dinde sauce fromage +Pâtes à la crème,,19.7,19.7,0.0,,33.8,11.2,24.6,Partially cloudy,2023,5,8,2,19,0
2023-05-09,307,570,49,,,,20.3,20.3,0.0,,23.0,11.5,48.9,Partially cloudy,2023,5,9,3,19,0
2023-05-10,297,558,51,Salade ou Soupe ou Salé,Escalope à la crème / Chekchouka,,20.8,20.8,0.0,,45.4,24.5,21.0,Partially cloudy,2023,5,10,4,19,0
2023-05-11,303,542,49,Salade ou Soupe|/,Escalope panée + Riz paella Sauce Mexicain,,19.8,19.8,0.3,rain,46.4,24.1,47.7,"Rain, Partially cloudy",2023,5,11,5,19,1
2023-05-11,303,542,49,Salade ou Soupe ou Salé,Kefta à la marocaine / Pomme Coucha,,19.8,19.8,0.3,rain,46.4,24.1,47.7,"Rain, Partially cloudy",2023,5,11,5,19,1
2023-05-14,351,596,47,Salade ou Soupe ou Salé,Poulet rôti / Frite,,16.9,16.9,2.1,rain,32.8,12.2,72.8,"Rain, Partially cloudy",2023,5,14,1,20,0
2023-05-15,313,602,50,,,,18.1,18.1,3.3,rain,44.3,18.4,31.1,"Rain, Partially cloudy",2023,5,15,2,20,0
2023-05-16,297,591,49,Salé,Hachée Parmantie,,19.1,19.1,0.5,rain,35.3,15.5,15.3,Rain,2023,5,16,3,20,0
2023-05-17,312,585,47,Salade ou Soupe,Couscous au poulet,,17.8,17.8,4.9,rain,57.6,29.9,88.2,"Rain, Partially cloudy",2023,5,17,4,20,0
2023-05-18,346,576,49,Salade + Salé,Brochette grillée + Pomme sautée,,18.1,18.1,4.8,rain,51.5,25.9,47.2,"Rain, Partially cloudy",2023,5,18,5,20,1
2023-05-21,342,581,44,Salade ou Soupe ou Salé,Poulet farci,Gratin du Pâte,18.2,18.2,0.0,,44.3,25.9,41.4,Partially cloudy,2023,5,21,1,21,0
2023-05-22,347,602,46,Salade ou Soupe ou Salé,Escalope grillée + Riz paella,,19.3,19.3,0.6,rain,53.3,28.4,61.8,"Rain, Partially cloudy",2023,5,22,2,21,0
2023-05-23,318,582,44,Salade ou Soupe ou Salé,Lasagne viande,Plat Chef + Sandwich + Pizza,19.2,19.2,7.3,rain,34.9,25.9,87.5,"Rain, Partially cloudy",2023,5,23,3,21,0
2023-05-24,323,564,44,Salade ou Soupe ou Salé,Rechta au poulet,Plat Chef + Sandwich + Pizza,18.9,18.9,2.5,rain,40.3,18.7,85.0,"Rain, Partially cloudy",2023,5,24,4,21,0
2023-05-25,327,528,46,Salade ou Soupe ou Salé,Poulet rôti,Pomme coucha,18.6,18.6,4.3,rain,32.0,15.8,70.1,"Rain, Partially cloudy",2023,5,25,5,21,1
2023-05-28,333,592,47,Salade ou Soupe ou Salé,Escalope sauce Curry,Tagliatelles,19.8,19.8,9.2,rain,34.2,14.0,89.3,"Rain, Partially cloudy",2023,5,28,1,22,0
2023-05-29,344,587,48,Salade ou Soupe ou Salé,Sauté de bouf + Pomme Purée,,19.9,19.9,1.3,rain,33.5,15.1,43.5,"Rain, Partially cloudy",2023,5,29,2,22,0
2023-05-30,316,570,46,Salade ou Soupe ou Salé,Goujonnette panée sauce tartare + Riz mexicain,,19.4,19.4,7.7,rain,31.7,10.4,71.0,"Rain, Partially cloudy",2023,5,30,3,22,0
2023-05-31,302,584,48,Salade ou Soupe ou Salé,Tlitli au poulet,,19.3,19.3,3.9,rain,27.7,13.0,52.7,"Rain, Partially cloudy",2023,5,31,4,22,0
2023-06-01,273,552,46,Salade ou Soupe ou Salé,Vol au vent sauce financière,Menu Chef + Sandwiche + Pizza,20.1,20.1,0.0,,32.8,17.6,32.3,Partially cloudy,2023,6,1,5,22,1
2023-06-04,315,576,47,Salade ou Soupe ou Salé,Cuisse de poulet rôtie + Pomme Forestière,Grillade / Fritte / salade / Ouf au plat/ Fromage,20.6,20.6,0.3,rain,31.0,14.0,30.2,"Rain, Partially cloudy",2023,6,4,1,23,0
2023-06-05,355,592,49,,,,21.0,21.0,0.0,,30.6,15.1,49.2,Partially cloudy,2023,6,5,2,23,0
2023-06-06,314,544,43,Salade ou Soupe ou Salé,Escalopes grillé sauce mexicaine + épinard + Pâte,Grillade / Fritte / salade / Ouf au plat/ Fromage,21.2,21.2,0.0,,36.0,19.4,49.7,Partially cloudy,2023,6,6,3,23,0
2023-06-07,310,575,45,Salade ou Soupe ou Salé,Couscous au poulet,Grillade / Fritte / salade / Ouf au plat/ Fromage,21.9,21.9,0.3,rain,32.4,18.7,90.0,"Rain, Partially cloudy",2023,6,7,4,23,0
2023-06-08,300,546,45,Salade ou Soupe ou Salé,Gratin de poulet,Grillade / Fritte / salade / Ouf au plat/ Fromage,23.3,23.3,0.2,rain,42.1,24.5,76.5,"Rain, Partially cloudy",2023,6,8,5,23,1
2023-06-11,344,584,48,,,,22.8,22.8,0.0,,25.9,13.0,16.3,Clear,2023,6,11,1,24,0
2023-06-12,335,606,51,,,,23.0,23.0,0.8,rain,31.0,20.2,41.9,"Rain, Partially cloudy",2023,6,12,2,24,0
2023-06-13,346,586,49,Salade ou Soupe ou salé,Escalope grillée + Pomme Boulangere,Grillade / Fritte / salade / Ouf au plat/ Fromage,23.6,23.6,0.0,,25.6,16.6,41.6,Partially cloudy,2023,6,13,3,24,0
2023-06-14,348,592,47,,,,22.7,22.7,1.5,rain,46.4,23.0,28.5,"Rain, Partially cloudy",2023,6,14,4,24,0
2023-06-15,325,561,49,Salade ou Soupe ou salé,Goujonnette panée sauce tartare + riz chairia,Grillade / Fritte / salade / Ouf au plat/ Fromage,23.4,23.4,0.0,,25.2,13.0,14.4,Clear,2023,6,15,5,24,1
2023-06-18,327,545,45,Salade ou Soupe ou Salé,Escalope grillée + Pâtes à la crème,Grillade / Fritte / salade / Ouf au plat/ Fromage,26.8,27.7,0.1,rain,39.6,21.2,64.5,"Rain, Partially cloudy",2023,6,18,1,25,0
2023-06-19,328,572,43,Salade ou Soupe ou Salé,Blanquette de dinde + Pomme Purée,Grillade / Fritte / salade / Oeuf au plat/ Fromage,28.2,28.9,0.0,,48.2,28.8,63.0,Partially cloudy,2023,6,19,2,25,0
2023-06-20,307,545,46,Salade ou Soupe ou Salé,Boulette de Viande à la Sauce Rouge + Riz,Grillade / Fritte / salade / Ouf au plat/ Fromage,24.0,24.0,0.0,,36.0,16.6,49.3,Partially cloudy,2023,6,20,3,25,0
2023-06-21,293,550,46,Salade ou Soupe ou Salé,Tlitli au poulet,Grillade / Fritte / salade / Ouf au plat/ Fromage,24.1,24.1,0.3,rain,33.1,16.2,49.6,"Rain, Partially cloudy",2023,6,21,4,25,0
2023-06-22,331,521,45,Salade ou Soupe ou Salé,Escalope panée à la sauce tartare + Pomme sautée,Grillade / Fritte / salade / Ouf au plat/ Fromage,24.8,25.2,0.0,,28.1,13.3,5.7,Clear,2023,6,22,5,25,1
2023-06-25,325,533,46,Salade ou Soupe ou salés,Escalope grillé sauce motarde,Croquette de riz sauce mexicaine,24.4,24.7,0.0,,34.9,17.6,0.0,Clear,2023,6,25,1,26,0
2023-06-26,309,553,46,Salade ou Soupe ou salés,Lasagne viande,Grillade / Fritte / salade / Oeuf au plat/ Fromage,24.5,24.7,0.0,,34.6,16.9,2.9,Clear,2023,6,26,2,26,0
2023-06-27,144,466,46,Salade ou Soupe ou salés,Chichtaouk,Pate + légumes,26.0,26.3,0.0,,40.3,19.8,0.2,Clear,2023,6,27,3,26,0
2023-07-02,350,534,50,Salade ou Soupe ou salés,Escalope à la crème,Pate à la sauce pistou + Carotte vichy,25.5,26.1,0.0,,38.5,19.4,3.0,Clear,2023,7,2,1,27,0
2023-07-03,339,555,51,Salade ou Soupe ou salés,Goujonnette panné sauce tartare,Riz paella,26.2,26.8,0.0,,37.1,19.4,7.2,Clear,2023,7,3,2,27,0
2023-07-04,330,532,49,Salé,Steak Haché de Dinde + Riz aux petits légumes,,26.7,27.8,0.0,,24.8,10.4,1.6,Clear,2023,7,4,3,27,0
2023-07-06,270,453,48,Salade ou Soupe ou salés,Gratin de poulet,Menu chef + Sandwich + Pizza,26.3,27.6,0.1,rain,28.4,15.1,40.2,"Rain, Partially cloudy",2023,7,6,5,27,1
2023-07-09,343,566,50,Salade ou Soupe ou Salé,Escalope grillée en sauce,Pomme Purée,28.1,31.0,0.0,,23.4,13.3,32.7,Partially cloudy,2023,7,9,1,28,0
2023-07-10,374,586,49,Salade ou Soupe ou Salé,Steak haché de dinde gratiné,Riz à l'italienne,33.6,35.4,0.0,,29.2,23.8,40.8,Partially cloudy,2023,7,10,2,28,0
2023-07-11,350,571,49,Salade ou Soupe ou Salé,Hachi Parmantier,Grillade / Fritte / salade / Oeuf au plat/ Fromage,35.8,36.7,0.3,rain,33.8,19.4,41.7,"Rain, Partially cloudy",2023,7,11,3,28,0
2023-07-12,377,572,50,Salade ou Soupe ou Salé,Rechta au poulet,Menu Chef + Sandwich + Pizza,31.8,35.1,0.0,,33.1,15.1,8.6,Clear,2023,7,12,4,28,0
2023-07-13,342,525,47,Salade ou Soupe ou Salé,Cuisse de poulet désossée tandoori,Pommes rissolée,29.0,33.2,0.0,,31.7,17.6,4.9,Clear,2023,7,13,5,28,1
2023-07-16,320,548,49,Salade ou Soupe ou Salé,Gratin de pâtes à la viande hachée,Menu Chef + Sandwich + Pizza,28.9,33.6,0.0,,32.8,15.5,20.6,Partially cloudy,2023,7,16,1,29,0
2023-07-17,344,548,50,,,,32.9,33.2,0.0,,39.6,19.1,7.0,Clear,2023,7,17,2,29,0
2023-07-18,349,545,48,Salade ou Soupe ou Salé,Goujonnette panée à la sauce méxicaine + Riz libanais,Viande,33.8,33.9,0.0,,31.3,15.1,10.0,Clear,2023,7,18,3,29,0
2023-07-20,299,474,47,Salade ou Soupe ou Salé,Escalope en sauce + Pomme sautée + Légumes,Viande,30.5,33.0,0.0,,31.0,13.7,4.2,Clear,2023,7,20,5,29,1
2023-07-23,347,532,53,Salade ou Soupe ou Salé,Spaghetti à la napolitaine + Escalope grillée,Viande,34.1,37.2,0.0,,37.1,15.1,10.0,Clear,2023,7,23,1,30,0
2023-07-24,370,557,50,Salade ou Soupe ou Salé,Poulet grillée,Pomme gratinée,32.0,35.2,0.0,,41.8,21.6,42.8,Partially cloudy,2023,7,24,2,30,0
2023-07-25,314,517,51,Salade ou Soupe ou Salé,Boulette en Sauce,Riz créole,29.7,32.6,0.0,,46.8,25.6,21.2,Partially cloudy,2023,7,25,3,30,0
2023-07-26,325,543,51,Salade ou Soupe ou Salé,Tlitli au poulet,Menu Chef + Sandwich + Pizza,28.4,30.8,0.0,,43.2,20.5,13.1,Clear,2023,7,26,4,30,0
2023-07-27,288,490,48,Salade ou Soupe ou Salé,Escalope en sauce + Pomme croquette,Viande,28.7,31.0,0.0,,56.5,27.7,23.3,Partially cloudy,2023,7,27,5,30,1
2023-07-30,308,520,48,Salade ou Soupe ou salés,Cuisse de poulet désossée tandoori,Ratatouille de légumes,28.1,31.9,0.0,,31.7,11.9,32.7,Partially cloudy,2023,7,30,1,31,0
2023-07-31,298,527,48,Salade ou Soupe ou salés,Hachi parmentier,Grillade / Fritte / salade / Oeuf au plat/ Fromage,28.2,31.3,0.0,,28.8,13.0,13.9,Clear,2023,7,31,2,31,0
2023-08-01,280,512,47,Salade ou Soupe ou salés,Escalope grillée,Pate à la florentine,28.2,30.0,0.0,,28.1,12.2,0.0,Clear,2023,8,1,3,31,0
2023-08-02,322,512,50,Salade ou Soupe ou salés,Rachta au poulet,Riz paella,28.6,30.6,0.0,,27.0,11.5,0.0,Clear,2023,8,2,4,31,0
2023-08-03,313,501,46,Salade ou Soupe ou salés,Escalope pannée avec sauce méxicaine + Riz,Grillade / Fritte / salade / Oeuf au plat/ Fromage,29.2,31.5,0.0,,43.2,18.7,1.3,Clear,2023,8,3,5,31,1
2023-08-06,299,486,47,Salade ou Soupe ou Salé,Escalopes grillées à la sauce moutarde,Gratin du Pâte,26.2,26.5,0.0,,39.6,20.2,0.0,Clear,2023,8,6,1,32,0
2023-08-07,304,496,49,Salade ou Soupe ou Salé,Poulet rôti,Riz libanais,26.9,28.0,0.0,,52.2,27.4,2.2,Clear,2023,8,7,2,32,0
2023-08-08,272,476,45,Salade ou Soupe ou Salé,Gratin de poulet,Menu Chef + Sandwich + Pizza,26.8,27.5,0.0,,42.8,22.0,1.3,Clear,2023,8,8,3,32,0
2023-08-09,284,471,45,Salade ou Soupe ou Salé,Tlitli au poulet,Grillade / Fritte / salade / Oeuf au plat/ Fromage,27.1,28.1,0.0,,31.0,15.1,1.5,Clear,2023,8,9,4,32,0
2023-08-10,305,465,46,Salade ou Soupe ou Salé,Escalope panée à la sauce tartare,Pomme Boulangère,28.1,29.5,0.0,,27.4,13.0,3.0,Clear,2023,8,10,5,32,1
2023-08-13,297,468,46,Salade ou Soupe ou Salé,Escalope à la créme,Pate à l'italienne,26.7,27.9,0.0,,34.6,16.9,2.5,Clear,2023,8,13,1,33,0
2023-08-14,301,478,45,Salade ou Soupe ou Salé,Poulet farci,Pommes sautées,27.3,28.3,0.0,,25.9,12.6,3.3,Clear,2023,8,14,2,33,0
2023-08-15,269,462,43,Salade ou Soupe ou Salé,Hachi-parmentier,Menu chef + Sandwich + Pizza,27.6,28.9,0.0,,24.8,13.0,5.8,Clear,2023,8,15,3,33,0
2023-08-16,279,455,43,Salade ou Soupe ou Salé,Couscous,Menu chef + Sandwich + Pizza,29.2,31.7,0.0,,29.5,13.7,13.5,Clear,2023,8,16,4,33,0
2023-08-17,281,431,44,Salade ou Soupe ou Salé,Steak hachée de dinde,Riz paella,28.0,31.1,0.0,,29.5,13.3,15.6,Clear,2023,8,17,5,33,1
2023-08-20,273,453,40,Salade ou Soupe ou Salé,Goujonnette panée à la sauce méxicaine,Chekchouka,27.2,29.0,0.0,,34.9,16.2,15.8,Clear,2023,8,20,1,34,0
2023-08-21,279,466,43,Salade ou Soupe ou Salé,Rôti de Bouf,Pomme Purée,27.6,29.8,0.0,,43.2,21.2,7.4,Clear,2023,8,21,2,34,0
2023-08-22,285,450,40,Salade ou Soupe ou Salé,Blanc de Poulet en Sauce,Riz mexicain,27.7,29.3,0.0,,47.5,24.1,1.5,Clear,2023,8,22,3,34,0
2023-08-23,284,465,44,Salade ou Soupe ou Salé,Rechta au poulet,Menu Chef + Sandwich + Pizza,28.2,30.1,0.0,,37.4,18.0,0.9,Clear,2023,8,23,4,34,0
2023-08-24,274,424,43,Salade ou Soupe ou Salé,Escalope grillée,Gratin dauphinois,27.6,30.1,0.0,,33.1,15.1,3.1,Clear,2023,8,24,5,34,1
2023-08-27,271,475,43,Salade ou Soupe ou Salé,Emincé de dinde à la méxicaine,Pâtes + Légumes Sautés,26.9,27.9,0.1,rain,76.7,41.0,54.3,"Rain, Partially cloudy",2023,8,27,1,35,0
2023-08-28,289,481,43,Salade ou Soupe ou Salé,Filet de Veau grillée,Frite + Sauce,25.0,25.1,0.0,,38.2,20.5,16.1,Clear,2023,8,28,2,35,0
2023-08-29,263,457,41,Salade ou Soupe ou Salé,Poulet grillée,Pomme croquette à la sauce mexicaine,25.4,25.4,0.0,,36.7,19.4,18.8,Clear,2023,8,29,3,35,0
2023-08-30,263,475,40,Salade ou Soupe ou Salé,Tlitli au poulet,Menu Chef + Sandwich + Pizza,25.3,25.7,0.0,,41.4,18.4,21.7,Partially cloudy,2023,8,30,4,35,0
2023-08-31,252,439,39,Salade ou Soupe ou Salé,Chiken Chika en sauce,Riz,25.8,26.3,0.0,,37.1,17.6,9.3,Clear,2023,8,31,5,35,1
2023-09-03,299,485,42,Salade ou Soupe ou Salé,Blanc de poulet Cordon bleu à la sauce tartare + Pennée à la crème,Grillade / Fritte / salade / Oeuf au plat/ Fromage,30.6,31.4,0.1,rain,56.5,23.0,90.6,"Rain, Overcast",2023,9,3,1,36,0
2023-09-04,297,501,43,Salade ou Soupe ou Salé,Galantine de Poulet farcie + Gratin de Pomme de terre,Grillade / Fritte / salade / Oeuf au plat/ Fromage,29.6,31.6,0.0,,54.0,21.6,52.7,Partially cloudy,2023,9,4,2,36,0
2023-09-05,292,479,42,Salade ou Soupe ou Salé,Sauté de Veau + Riz pilaf,Grillade / Fritte / salade / Oeuf au plat/ Fromage,26.3,26.9,0.0,,35.3,19.1,14.5,Clear,2023,9,5,3,36,0
2023-09-06,283,488,45,Salade ou Soupe ou Salé,Kbab au poulet,Grillade / Fritte / salade / Oeuf au plat/ Fromage,25.6,26.2,0.0,,33.5,16.6,24.1,Partially cloudy,2023,9,6,4,36,0
2023-09-07,293,481,45,Salade ou Soupe ou Salé,Escalope grillée + Frite,Grillade / Fritte / salade / Oeuf au plat/ Fromage,24.8,25.2,0.0,,37.1,16.9,8.4,Clear,2023,9,7,5,36,1
2023-09-10,325,510,50,Salade ou Soupe ou Salé,Escalope à la crème,Chekchouka,26.3,27.5,0.0,,38.9,19.1,24.3,Partially cloudy,2023,9,10,1,37,0
2023-09-11,304,525,50,Salade ou Soupe ou Salé,Kefta à la marocaine,Pomme Coucha,25.8,26.6,0.0,,38.9,19.8,67.0,Partially cloudy,2023,9,11,2,37,0
2023-09-12,294,511,50,Salade ou Soupe ou Salé,Steak Haché de Dinde Gratinée,Spaghetti napolitaine,25.3,26.2,0.3,rain,28.8,14.8,78.0,"Rain, Partially cloudy",2023,9,12,3,37,0
2023-09-13,321,534,49,Salade ou Soupe ou Salé,Rechta au poulet,Menu Chef + Sandwich + Pizza,25.6,26.4,0.3,rain,29.9,15.5,96.6,"Rain, Overcast",2023,9,13,4,37,0
2023-09-14,317,483,47,Salade ou Soupe ou Salé,Poulet rôti,Frite,26.2,27.1,0.1,rain,47.9,24.8,84.3,"Rain, Partially cloudy",2023,9,14,5,37,1
2023-09-17,345,545,48,Salade ou Soupe ou Salé,Blanquette au Curry,Pâte à l'italienne,28.3,28.8,0.0,,41.4,19.4,49.5,Partially cloudy,2023,9,17,1,38,0
2023-09-18,322,539,47,Salade ou Soupe ou Salé,Poulet grillée,Pomme Lyonnaise,26.5,27.4,0.1,rain,43.2,20.9,73.4,"Rain, Partially cloudy",2023,9,18,2,38,0
2023-09-19,338,526,48,Salade ou Soupe ou Salé,Sole farcie,Riz paella,24.7,24.9,3.1,rain,31.0,17.6,94.0,"Rain, Overcast",2023,9,19,3,38,0
2023-09-20,316,543,48,Salade ou Soupe ou Salé,Couscous au poulet,Menu Chef + Sandwich + Pizza,24.9,25.1,1.0,rain,40.0,19.1,37.0,"Rain, Partially cloudy",2023,9,20,4,38,0
2023-09-21,339,525,46,Salade ou Soupe ou Salé,Escalope grillée,Frite + Sauce tartare,24.4,24.7,0.0,,37.8,16.6,13.5,Clear,2023,9,21,5,38,1
2023-09-24,352,591,49,Salade ou Soupe ou Salé,Escalope à la crème,Gratin de pate,22.9,22.9,0.0,,41.0,20.2,0.4,Clear,2023,9,24,1,39,0
2023-09-25,356,591,52,Salade ou Soupe ou Salé,Steak haché grillée sauce barbecue,Pomme espagnole,22.9,22.9,0.0,,44.6,22.7,0.0,Clear,2023,9,25,2,39,0
2023-09-26,321,549,53,Salade ou Soupe ou Salé,Goujonnette panée,Riz + épinard à la crème,22.6,22.6,0.0,,34.9,17.3,6.9,Clear,2023,9,26,3,39,0
2023-09-27,314,536,49,Salade ou Soupe ou Salé,Chekhchoukha au poulet,Menu Chef + Sandwich + Pizza,22.3,22.3,0.0,,31.3,14.8,11.9,Clear,2023,9,27,4,39,0
2023-10-01,339,557,48,Salade ou Soupe ou Salé,Cuisse de Poulet Farcie,Pomme Boulangère,24.0,24.3,0.0,,39.2,20.2,0.8,Clear,2023,10,1,1,40,0
2023-10-02,338,585,46,Salade ou Soupe ou Salé,Sole panée,Riz maklouba + sauce tartare,24.2,24.3,0.0,,37.8,18.7,1.3,Clear,2023,10,2,2,40,0
2023-10-03,328,558,47,Salade ou Soupe ou Salé,Chawarma,Ratatouille,23.5,23.7,0.0,,28.8,12.6,12.9,Clear,2023,10,3,3,40,0
2023-10-04,297,580,48,Salade ou Soupe ou Salé,Tlitli au poulet,Menu Chef + Sandwich + Pizza,23.5,23.6,0.1,rain,38.2,18.7,66.5,"Rain, Partially cloudy",2023,10,4,4,40,0
2023-10-05,351,537,47,Salade ou Soupe ou Salé,Escalope,Frite,23.6,23.9,0.0,,31.0,14.0,6.1,Clear,2023,10,5,5,40,1
2023-10-08,334,588,52,Salade ou Soupe ou Salé,Poulet farcie + Chou-Fleur Pannée + Pâte,Grillade / Fritte / salade / Oeuf au plat/ Fromage,22.5,22.5,0.0,,36.4,17.3,14.1,Clear,2023,10,8,1,41,0
2023-10-09,333,585,48,Salade ou Soupe ou Salé,Sauté de bouf + Pomme Purée,Grillade / Fritte / salade / Oeuf au plat/ Fromage,22.4,22.4,0.0,,37.1,18.4,13.3,Clear,2023,10,9,2,41,0
2023-10-10,341,557,49,Salade ou Soupe ou Salé,Escalope grillée + Riz libanais,Grillade / Fritte / salade / Oeuf au plat/ Fromage,22.7,22.8,0.0,,33.1,15.1,20.8,Partially cloudy,2023,10,10,3,41,0
2023-10-11,305,593,47,Salade ou Soupe ou Salé,Tajin zitoun,Grillade / Fritte / salade / Oeuf au plat/ Fromage,23.1,23.1,0.0,,26.6,11.5,18.4,Clear,2023,10,11,4,41,0
2023-10-12,308,548,50,Salade ou Soupe ou Salé|/,Vol au vent sauce financière,Menu Chef + Sandwich + Pizza,23.3,23.5,0.0,,26.3,13.0,14.1,Clear,2023,10,12,5,41,1
2023-10-15,347,598,51,Salade ou Soupe ou Salé,Cuisse de poulet désossé tandoori,Pomme Purée,23.1,23.1,0.0,,33.8,13.3,8.5,Clear,2023,10,15,1,42,0
2023-10-16,348,611,49,Salade ou Soupe ou Salé,Sole marinée,Riz paella,23.2,23.2,0.0,,24.5,12.6,28.7,Partially cloudy,2023,10,16,2,42,0
2023-10-17,366,570,50,Salade ou Soupe ou Salé,Escalope grillée,Pomme Lyonnaise + Sauce BBQ,26.1,25.7,0.0,,20.9,11.2,53.2,Partially cloudy,2023,10,17,3,42,0
2023-10-18,339,580,47,Salade ou Soupe ou Salé,Kbab au poulet,Menu Chef + Sandwich + Pizza,25.0,25.0,0.0,,40.0,20.2,15.7,Clear,2023,10,18,4,42,0
2023-10-19,351,563,52,Salade ou Soupe ou Salé,Goujonnette panée en sauce tartare,Chekchouka,24.3,24.3,0.0,,40.3,24.8,56.5,Partially cloudy,2023,10,19,5,42,1
2023-10-22,366,583,50,Salade ou Soupe ou Salé,Poulet grillée,Pomme croquette sauce mexicaine,23.8,23.4,0.0,,39.2,20.2,49.8,Partially cloudy,2023,10,22,1,43,0
2023-10-23,349,571,49,Salade ou Soupe ou Salé,Sole farcie,Riz pilaf,25.1,24.9,0.0,,40.7,20.5,65.2,Partially cloudy,2023,10,23,2,43,0
2023-10-24,332,547,48,Salade ou Soupe ou Salé,Poulet farcie,Fenouille à la crème + Pâte,21.1,21.1,3.7,rain,44.6,22.7,87.2,"Rain, Partially cloudy",2023,10,24,3,43,0
2023-10-25,340,566,48,Salade ou Soupe ou Salé,Rechta au poulet,Menu Chef + Sandwich + Pizza,21.2,21.2,0.0,,60.1,30.6,16.0,Clear,2023,10,25,4,43,0
2023-10-26,321,536,50,Salade ou Soupe ou Salé,Lasagne viande,Menu Chef + Sandwich + Pizza,22.4,22.4,0.0,,46.8,24.5,46.0,Partially cloudy,2023,10,26,5,43,1
2023-10-29,328,599,49,Salade ou Soupe ou Salé,Cuisse de poulet farci,Mousse de carottes + Courgettes farcies,20.3,20.3,0.0,,26.6,12.6,24.2,Partially cloudy,2023,10,29,1,44,0
2023-10-30,287,575,50,Salade ou Soupe ou Salé,Moussaka,Menu Chef + Sandwich + Pizza,21.1,21.1,0.0,,25.6,13.3,74.3,Partially cloudy,2023,10,30,2,44,0
2023-10-31,295,569,47,Salade ou Soupe ou Salé,Blanc de poulet au curry,Riz libanais,20.8,20.8,0.1,rain,41.4,20.2,86.2,"Rain, Partially cloudy",2023,10,31,3,44,0
2023-11-02,234,445,44,Salade ou Soupe ou Salé,Sole marinée en sauce vierge,Pomme sautée,23.2,23.2,0.0,,74.9,37.1,52.9,Partially cloudy,2023,11,2,5,44,1
2023-11-05,318,617,49,Salade ou Soupe ou Salé,Hachi Parmantier,Grillade / Fritte / salade / Ouf au plat/ Fromage,20.2,20.2,0.9,rain,60.1,30.6,25.2,"Rain, Partially cloudy",2023,11,5,1,45,0
2023-11-06,313,615,49,Salade ou Soupe ou Salé,Blanquette au Curry,Gratin du Pâte,18.2,18.2,0.0,,34.6,15.1,41.3,Partially cloudy,2023,11,6,2,45,0
2023-11-07,328,589,49,Salade ou Soupe ou Salé,Sole panée,Riz + Légume Sautée,17.8,17.8,2.2,rain,28.1,13.7,43.0,"Rain, Partially cloudy",2023,11,7,3,45,0
2023-11-08,320,620,51,Salade ou Soupe ou Salé,Doulma,Menu Chef + Sandwich + Pizza,16.4,16.4,0.0,,20.9,7.9,71.2,Partially cloudy,2023,11,8,4,45,0
2023-11-09,327,595,52,Salade ou Soupe ou Salé,Poulet grillé + Poulet farcie,Pomme Lyonnaise,17.7,17.7,1.4,rain,46.4,20.5,44.6,"Rain, Partially cloudy",2023,11,9,5,45,1
2023-11-12,340,604,49,Salade ou Soupe ou Salé,Poulet grillée à la sauce mexicain,Pomme à la méridionale,19.7,19.7,0.0,,49.0,23.4,6.8,Clear,2023,11,12,1,46,0
2023-11-13,319,601,48,Salade ou Soupe ou Salé,Sole farcie,Risotto,18.9,18.9,0.0,,22.7,9.4,7.9,Clear,2023,11,13,2,46,0
2023-11-14,296,582,51,Salade ou Soupe ou Salé,Steak haché de dinde sauce fromage,Pâte au Légume,18.9,18.9,0.0,,22.7,11.9,36.9,Partially cloudy,2023,11,14,3,46,0
2023-11-15,313,572,47,Salade ou Soupe ou Salé,Mtawem,Menu Chef + Sandwich + Pizza,19.1,19.1,0.0,,18.7,8.3,36.7,Partially cloudy,2023,11,15,4,46,0
2023-11-16,298,534,49,Salade ou Soupe ou Salé,Cuisse de poulet désossé,Pomme Boulangère,18.5,18.5,0.0,,22.7,11.2,29.2,Partially cloudy,2023,11,16,5,46,1
2023-11-19,330,613,50,Salade ou Soupe ou Salé,Emincé de Poulet à la méxicaine,Pâte + Légume Sautée,19.0,19.0,0.0,,21.2,11.2,2.5,Clear,2023,11,19,1,47,0
2023-11-20,302,601,50,Salade ou Soupe ou Salé|/|Menu Chef |/,Emincé de Poulet à la méxicaine + Pomme Rissolée,Grillade / Fritte / salade / Ouf au plat/ Fromage,19.4,19.4,0.0,,32.4,16.2,24.7,Partially cloudy,2023,11,20,2,47,0
2023-11-21,324,571,48,Salade ou Soupe ou Salé|/|Menu Chef |/,Sole farcie accompagnée de pommes lyonnaise,Grillade / Fritte / salade / Ouf au plat/ Fromage,17.1,17.1,3.3,rain,40.0,21.2,52.4,"Rain, Partially cloudy",2023,11,21,3,47,0
2023-11-22,388,616,50,Salade ou Soupe ou Salé|/|Menu Chef |/,couscous à la viande,Grillade / Fritte / salade / Ouf au plat/ Fromage,13.7,13.7,29.6,rain,49.0,21.2,77.8,"Rain, Partially cloudy",2023,11,22,4,47,0
2023-11-23,327,578,51,Salade ou Soupe ou Salé|/|Menu Chef |/,Galantine de poulet avec légumes et pommes de terre sautés,Grillade / Fritte / salade / Ouf au plat/ Fromage,15.4,15.4,29.1,rain,52.6,33.5,65.7,"Rain, Partially cloudy",2023,11,23,5,47,1
2023-11-26,348,620,51,Salade ou Soupe ou Salé,Poulet rôti + Poulet grillée,Pomme Purée,14.7,14.7,0.0,,15.1,8.3,11.1,Clear,2023,11,26,1,48,0
2023-11-27,310,607,50,Salade ou Soupe ou Salé,Chtitha Sardine,Riz maklouba,15.5,15.5,0.0,,31.0,21.2,33.8,Partially cloudy,2023,11,27,2,48,0
2023-11-28,321,556,46,Salade ou Soupe ou Salé,Brochette Royale en sauce BBQ,Pomme espagnole,17.6,17.6,0.0,,48.2,27.0,33.7,Partially cloudy,2023,11,28,3,48,0
2023-11-29,299,600,48,Salade ou Soupe ou Bourak,Rechta au poulet,Menu Chef + Sandwich + Pizza,17.3,17.3,0.0,,38.9,20.2,11.2,Clear,2023,11,29,4,48,0
2023-11-30,416,563,47,Salade ou Soupe ou Salé,MENU DAR EL KAID,Menu Chef + Sandwich + Pizza,17.8,17.8,0.0,,25.2,14.4,41.4,Partially cloudy,2023,11,30,5,48,1
2023-12-03,351,592,48,Salade ou Soupe ou Salé,Poulet rôti + Poulet grillée,Pomme Purée,14.2,14.2,0.0,,24.1,14.8,31.5,Partially cloudy,2023,12,3,1,49,0
2023-12-04,350,604,47,Salade ou Soupe ou Salé,Chtitha Sardine,Riz maklouba,14.3,14.3,0.3,rain,29.2,13.3,91.5,"Rain, Overcast",2023,12,4,2,49,0
2023-12-05,351,573,49,Salade ou Soupe ou Salé,Brochette Royale en sauce BBQ,Pomme espagnole,15.3,15.3,1.6,rain,29.9,16.2,85.9,"Rain, Partially cloudy",2023,12,5,3,49,0
2023-12-06,375,615,52,Salade ou Soupe ou Bourak,Rechta au poulet,Menu Chef + Sandwich + Pizza,14.2,14.2,5.2,rain,28.1,14.4,87.0,"Rain, Partially cloudy",2023,12,6,4,49,0
2023-12-07,290,519,50,Salade ou Soupe ou Salé,MENU DAR EL KAID,Menu Chef + Sandwich + Pizza,14.0,14.0,0.0,,19.8,10.8,34.6,Partially cloudy,2023,12,7,5,49,1
2023-12-10,339,628,51,Salade ou Soupe ou Salé,Hachi Parmantier + Poulet rôti,Ratatouille,16.4,16.4,0.0,,24.8,13.3,27.5,Partially cloudy,2023,12,10,1,50,0
2023-12-11,344,616,49,Salade ou Soupe ou Salé,Sole panée + Limo grillée à la sauce Vairge,Riz paella,17.0,17.0,0.0,,19.1,9.4,10.2,Clear,2023,12,11,2,50,0
2023-12-12,355,594,49,Salade ou Soupe ou Salé,Escalope en sauce + Steak haché en sauce,Pomme Purée,17.8,17.8,0.0,,18.0,10.4,86.9,Partially cloudy,2023,12,12,3,50,0
2023-12-13,320,618,49,Salade ou Soupe ou Bourak,Couscous au poulet,Menu Chef + Sandwich + Pizza,18.4,18.4,7.7,rain,49.3,24.1,61.1,"Rain, Partially cloudy",2023,12,13,4,50,0
2023-12-14,345,593,47,Salade ou Soupe ou Salé,Brochette Royale + Brochette à la Turque,Frite,15.0,15.0,2.2,rain,52.9,26.3,48.5,"Rain, Partially cloudy",2023,12,14,5,50,1
2023-12-17,331,571,48,Salade ou Soupe ou Salé,Moussaka viande + Emincé de poulet en soya sauce,Spaghetti Chinois,12.1,12.0,4.3,rain,30.2,15.1,40.2,"Rain, Partially cloudy",2023,12,17,1,51,0
2023-12-18,357,608,49,Salade ou Soupe ou Salé,Poulet rôti + Kefta à la marocaine,Pomme Lyonnaise + Pomme Farcie,12.7,12.6,6.4,rain,36.7,19.4,71.7,"Rain, Partially cloudy",2023,12,18,2,51,0
2023-12-19,349,590,47,Salade ou Soupe ou Salé,Dorade à la Dersa + Sole farcie,Riz pilaf,13.7,13.7,6.7,rain,29.2,16.2,60.6,"Rain, Partially cloudy",2023,12,19,3,51,0
2023-12-20,336,605,44,Salade ou Soupe ou Bourak,Kbab au poulet,Menu Chef + Sandwich + Pizza,13.7,13.7,0.0,,50.8,22.0,51.7,Partially cloudy,2023,12,20,4,51,0
2023-12-21,301,540,48,Salade ou Soupe ou Salé,Gratin de poulet + Poulet grillée,Patata à la meridionale,14.1,14.1,0.2,rain,36.4,16.9,28.5,"Rain, Partially cloudy",2023,12,21,5,51,1
2023-12-24,348,584,52,Salade ou Soupe ou Salé,Chicken KFC en Sauce BBQ + Escalope Gratinée,Pate en sauce roqueforet,11.7,11.7,0.0,,13.0,5.8,1.7,Clear,2023,12,24,1,52,0
2023-12-25,333,576,51,Salade ou Soupe ou Salé,Roti de bouf + Cuisse de poulet désossée,Pomme Purée,11.4,11.3,0.0,,15.1,6.1,4.8,Clear,2023,12,25,2,52,0
2023-12-26,318,545,51,Salade ou Soupe ou Salé,Sole panné en sauce tartare + Limo en sauce,Riz aux petits légumes,11.2,11.0,0.0,,15.8,8.6,6.8,Clear,2023,12,26,3,52,0
2023-12-27,288,537,50,Salade ou Soupe ou Bourak,Mtewem,Menu Chef + Sandwich + Pizza,11.9,11.7,0.1,rain,19.1,9.0,41.4,"Rain, Partially cloudy",2023,12,27,4,52,0
2023-12-28,292,521,49,Salade ou Soupe ou Salé,Cuisse de poulet grillée + Merguez en sauce,Pomme Forestièr,13.4,13.3,0.0,,15.5,7.6,14.0,Clear,2023,12,28,5,52,1
2023-12-31,242,401,47,Salade ou Soupe ou Salé,Poulet rôti + Frite,Doulma,13.8,13.7,0.0,,21.6,12.2,38.7,Partially cloudy,2023,12,31,1,1,0